datetime,portfolio_value,cash,cash_deposits_total,cash_withdrawals_total,cash_adjustments_net_total,cash_financing_enabled,cash_financing_account_mode,cash_financing_credit_total,cash_financing_debit_total,cash_financing_net_total,cash_financing_days_accrued,cash_financing_events,cash_financing_last_credit_rate_used,cash_financing_last_debit_rate_used,positions,cash_deposits_period,cash_withdrawals_period,cash_adjustments_net_period,cash_financing_credit_period,cash_financing_debit_period,cash_financing_net_period,return,cash_adjusted_portfolio_value
2026-01-02 08:30:00-05:00,100000.0,100000.0,0.0,0.0,0.0,False,margin,0.0,0.0,0.0,0,0,,,[],0.0,0.0,0.0,0.0,0.0,0.0,,100000.0
2026-01-02 09:30:00-05:00,100000.0,100000.0,0.0,0.0,0.0,False,margin,0.0,0.0,0.0,0,0,,,[],0.0,0.0,0.0,0.0,0.0,0.0,0.0,100000.0
2026-01-02 09:30:00-05:00,100000.0,100000.0,0.0,0.0,0.0,False,margin,0.0,0.0,0.0,0,0,,,[],0.0,0.0,0.0,0.0,0.0,0.0,0.0,100000.0
2026-01-02 16:00:00-05:00,100204.75,74521.5,0.0,0.0,0.0,False,margin,0.0,0.0,0.0,0,0,,,"[{'asset': {'symbol': 'NQ=F', 'type': 'stock'}, 'quantity': 1.0}]",0.0,0.0,0.0,0.0,0.0,0.0,0.0020475,100204.75
2026-01-05 08:30:00-05:00,100000.0,74521.5,0.0,0.0,0.0,False,margin,0.0,0.0,0.0,0,0,,,"[{'asset': {'symbol': 'NQ=F', 'type': 'stock'}, 'quantity': 1.0}]",0.0,0.0,0.0,0.0,0.0,0.0,-0.0020433163098555708,100000.0
2026-01-05 09:30:00-05:00,100000.0,74521.5,0.0,0.0,0.0,False,margin,0.0,0.0,0.0,0,0,,,"[{'asset': {'symbol': 'NQ=F', 'type': 'stock'}, 'quantity': 1.0}]",0.0,0.0,0.0,0.0,0.0,0.0,0.0,100000.0
2026-01-05 09:30:00-05:00,100000.0,74521.5,0.0,0.0,0.0,False,margin,0.0,0.0,0.0,0,0,,,"[{'asset': {'symbol': 'NQ=F', 'type': 'stock'}, 'quantity': 1.0}]",0.0,0.0,0.0,0.0,0.0,0.0,0.0,100000.0
2026-01-05 16:00:00-05:00,100000.0,74521.5,0.0,0.0,0.0,False,margin,0.0,0.0,0.0,0,0,,,"[{'asset': {'symbol': 'NQ=F', 'type': 'stock'}, 'quantity': 1.0}]",0.0,0.0,0.0,0.0,0.0,0.0,0.0,100000.0
2026-01-06 08:30:00-05:00,99953.25,74521.5,0.0,0.0,0.0,False,margin,0.0,0.0,0.0,0,0,,,"[{'asset': {'symbol': 'NQ=F', 'type': 'stock'}, 'quantity': 1.0}]",0.0,0.0,0.0,0.0,0.0,0.0,-0.0004675,99953.25
2026-01-06 09:30:00-05:00,99953.25,74521.5,0.0,0.0,0.0,False,margin,0.0,0.0,0.0,0,0,,,"[{'asset': {'symbol': 'NQ=F', 'type': 'stock'}, 'quantity': 1.0}]",0.0,0.0,0.0,0.0,0.0,0.0,0.0,99953.25
2026-01-06 09:30:00-05:00,99953.25,74521.5,0.0,0.0,0.0,False,margin,0.0,0.0,0.0,0,0,,,"[{'asset': {'symbol': 'NQ=F', 'type': 'stock'}, 'quantity': 1.0}]",0.0,0.0,0.0,0.0,0.0,0.0,0.0,99953.25
2026-01-06 16:00:00-05:00,99953.25,74521.5,0.0,0.0,0.0,False,margin,0.0,0.0,0.0,0,0,,,"[{'asset': {'symbol': 'NQ=F', 'type': 'stock'}, 'quantity': 1.0}]",0.0,0.0,0.0,0.0,0.0,0.0,0.0,99953.25
2026-01-07 08:30:00-05:00,100104.5,74521.5,0.0,0.0,0.0,False,margin,0.0,0.0,0.0,0,0,,,"[{'asset': {'symbol': 'NQ=F', 'type': 'stock'}, 'quantity': 1.0}]",0.0,0.0,0.0,0.0,0.0,0.0,0.00151320742447094,100104.50000000001
2026-01-07 09:30:00-05:00,100104.5,74521.5,0.0,0.0,0.0,False,margin,0.0,0.0,0.0,0,0,,,"[{'asset': {'symbol': 'NQ=F', 'type': 'stock'}, 'quantity': 1.0}]",0.0,0.0,0.0,0.0,0.0,0.0,0.0,100104.50000000001
2026-01-07 09:30:00-05:00,100104.5,74521.5,0.0,0.0,0.0,False,margin,0.0,0.0,0.0,0,0,,,"[{'asset': {'symbol': 'NQ=F', 'type': 'stock'}, 'quantity': 1.0}]",0.0,0.0,0.0,0.0,0.0,0.0,0.0,100104.50000000001
2026-01-07 16:00:00-05:00,100352.75,100352.75,0.0,0.0,0.0,False,margin,0.0,0.0,0.0,0,0,,,[],0.0,0.0,0.0,0.0,0.0,0.0,0.002479908495622075,100352.75000000003
2026-01-08 08:30:00-05:00,100352.75,100352.75,0.0,0.0,0.0,False,margin,0.0,0.0,0.0,0,0,,,[],0.0,0.0,0.0,0.0,0.0,0.0,0.0,100352.75000000003
2026-01-08 09:30:00-05:00,100352.75,100352.75,0.0,0.0,0.0,False,margin,0.0,0.0,0.0,0,0,,,[],0.0,0.0,0.0,0.0,0.0,0.0,0.0,100352.75000000003
2026-01-08 09:30:00-05:00,100352.75,100352.75,0.0,0.0,0.0,False,margin,0.0,0.0,0.0,0,0,,,[],0.0,0.0,0.0,0.0,0.0,0.0,0.0,100352.75000000003
2026-01-08 16:00:00-05:00,100352.75,100352.75,0.0,0.0,0.0,False,margin,0.0,0.0,0.0,0,0,,,[],0.0,0.0,0.0,0.0,0.0,0.0,0.0,100352.75000000003
2026-01-09 08:30:00-05:00,100352.75,100352.75,0.0,0.0,0.0,False,margin,0.0,0.0,0.0,0,0,,,[],0.0,0.0,0.0,0.0,0.0,0.0,0.0,100352.75000000003
2026-01-09 09:30:00-05:00,100352.75,100352.75,0.0,0.0,0.0,False,margin,0.0,0.0,0.0,0,0,,,[],0.0,0.0,0.0,0.0,0.0,0.0,0.0,100352.75000000003
2026-01-09 09:30:00-05:00,100352.75,100352.75,0.0,0.0,0.0,False,margin,0.0,0.0,0.0,0,0,,,[],0.0,0.0,0.0,0.0,0.0,0.0,0.0,100352.75000000003
2026-01-09 16:00:00-05:00,100352.75,100352.75,0.0,0.0,0.0,False,margin,0.0,0.0,0.0,0,0,,,[],0.0,0.0,0.0,0.0,0.0,0.0,0.0,100352.75000000003
2026-01-12 08:30:00-05:00,100352.75,100352.75,0.0,0.0,0.0,False,margin,0.0,0.0,0.0,0,0,,,[],0.0,0.0,0.0,0.0,0.0,0.0,0.0,100352.75000000003
2026-01-12 09:30:00-05:00,100352.75,100352.75,0.0,0.0,0.0,False,margin,0.0,0.0,0.0,0,0,,,[],0.0,0.0,0.0,0.0,0.0,0.0,0.0,100352.75000000003
2026-01-12 09:30:00-05:00,100352.75,100352.75,0.0,0.0,0.0,False,margin,0.0,0.0,0.0,0,0,,,[],0.0,0.0,0.0,0.0,0.0,0.0,0.0,100352.75000000003
2026-01-12 16:00:00-05:00,100352.75,100352.75,0.0,0.0,0.0,False,margin,0.0,0.0,0.0,0,0,,,[],0.0,0.0,0.0,0.0,0.0,0.0,0.0,100352.75000000003
2026-01-13 08:30:00-05:00,100352.75,100352.75,0.0,0.0,0.0,False,margin,0.0,0.0,0.0,0,0,,,[],0.0,0.0,0.0,0.0,0.0,0.0,0.0,100352.75000000003
2026-01-13 09:30:00-05:00,100352.75,100352.75,0.0,0.0,0.0,False,margin,0.0,0.0,0.0,0,0,,,[],0.0,0.0,0.0,0.0,0.0,0.0,0.0,100352.75000000003
2026-01-13 09:30:00-05:00,100352.75,100352.75,0.0,0.0,0.0,False,margin,0.0,0.0,0.0,0,0,,,[],0.0,0.0,0.0,0.0,0.0,0.0,0.0,100352.75000000003
2026-01-13 16:00:00-05:00,100352.75,100352.75,0.0,0.0,0.0,False,margin,0.0,0.0,0.0,0,0,,,[],0.0,0.0,0.0,0.0,0.0,0.0,0.0,100352.75000000003
2026-01-14 08:30:00-05:00,100352.75,100352.75,0.0,0.0,0.0,False,margin,0.0,0.0,0.0,0,0,,,[],0.0,0.0,0.0,0.0,0.0,0.0,0.0,100352.75000000003
2026-01-14 09:30:00-05:00,100352.75,100352.75,0.0,0.0,0.0,False,margin,0.0,0.0,0.0,0,0,,,[],0.0,0.0,0.0,0.0,0.0,0.0,0.0,100352.75000000003
2026-01-14 09:30:00-05:00,100352.75,100352.75,0.0,0.0,0.0,False,margin,0.0,0.0,0.0,0,0,,,[],0.0,0.0,0.0,0.0,0.0,0.0,0.0,100352.75000000003
2026-01-14 16:00:00-05:00,100352.75,100352.75,0.0,0.0,0.0,False,margin,0.0,0.0,0.0,0,0,,,[],0.0,0.0,0.0,0.0,0.0,0.0,0.0,100352.75000000003
2026-01-15 08:30:00-05:00,100352.75,100352.75,0.0,0.0,0.0,False,margin,0.0,0.0,0.0,0,0,,,[],0.0,0.0,0.0,0.0,0.0,0.0,0.0,100352.75000000003
2026-01-15 09:30:00-05:00,100352.75,100352.75,0.0,0.0,0.0,False,margin,0.0,0.0,0.0,0,0,,,[],0.0,0.0,0.0,0.0,0.0,0.0,0.0,100352.75000000003
2026-01-15 09:30:00-05:00,100352.75,100352.75,0.0,0.0,0.0,False,margin,0.0,0.0,0.0,0,0,,,[],0.0,0.0,0.0,0.0,0.0,0.0,0.0,100352.75000000003
2026-01-15 16:00:00-05:00,100352.75,100352.75,0.0,0.0,0.0,False,margin,0.0,0.0,0.0,0,0,,,[],0.0,0.0,0.0,0.0,0.0,0.0,0.0,100352.75000000003
2026-01-16 08:30:00-05:00,100352.75,100352.75,0.0,0.0,0.0,False,margin,0.0,0.0,0.0,0,0,,,[],0.0,0.0,0.0,0.0,0.0,0.0,0.0,100352.75000000003
2026-01-16 09:30:00-05:00,100352.75,100352.75,0.0,0.0,0.0,False,margin,0.0,0.0,0.0,0,0,,,[],0.0,0.0,0.0,0.0,0.0,0.0,0.0,100352.75000000003
2026-01-16 09:30:00-05:00,100352.75,100352.75,0.0,0.0,0.0,False,margin,0.0,0.0,0.0,0,0,,,[],0.0,0.0,0.0,0.0,0.0,0.0,0.0,100352.75000000003
2026-01-16 16:00:00-05:00,100352.75,100352.75,0.0,0.0,0.0,False,margin,0.0,0.0,0.0,0,0,,,[],0.0,0.0,0.0,0.0,0.0,0.0,0.0,100352.75000000003
2026-01-20 08:30:00-05:00,100352.75,100352.75,0.0,0.0,0.0,False,margin,0.0,0.0,0.0,0,0,,,[],0.0,0.0,0.0,0.0,0.0,0.0,0.0,100352.75000000003
2026-01-20 09:30:00-05:00,100352.75,100352.75,0.0,0.0,0.0,False,margin,0.0,0.0,0.0,0,0,,,[],0.0,0.0,0.0,0.0,0.0,0.0,0.0,100352.75000000003
2026-01-20 09:30:00-05:00,100352.75,100352.75,0.0,0.0,0.0,False,margin,0.0,0.0,0.0,0,0,,,[],0.0,0.0,0.0,0.0,0.0,0.0,0.0,100352.75000000003
2026-01-20 16:00:00-05:00,100352.75,100352.75,0.0,0.0,0.0,False,margin,0.0,0.0,0.0,0,0,,,[],0.0,0.0,0.0,0.0,0.0,0.0,0.0,100352.75000000003
2026-01-21 08:30:00-05:00,100352.75,100352.75,0.0,0.0,0.0,False,margin,0.0,0.0,0.0,0,0,,,[],0.0,0.0,0.0,0.0,0.0,0.0,0.0,100352.75000000003
2026-01-21 09:30:00-05:00,100352.75,100352.75,0.0,0.0,0.0,False,margin,0.0,0.0,0.0,0,0,,,[],0.0,0.0,0.0,0.0,0.0,0.0,0.0,100352.75000000003
2026-01-21 09:30:00-05:00,100352.75,100352.75,0.0,0.0,0.0,False,margin,0.0,0.0,0.0,0,0,,,[],0.0,0.0,0.0,0.0,0.0,0.0,0.0,100352.75000000003
2026-01-21 16:00:00-05:00,100674.25,75203.25,0.0,0.0,0.0,False,margin,0.0,0.0,0.0,0,0,,,"[{'asset': {'symbol': 'NQ=F', 'type': 'stock'}, 'quantity': 1.0}]",0.0,0.0,0.0,0.0,0.0,0.0,0.003203698951947007,100674.25000000003
2026-01-22 08:30:00-05:00,100352.75,75203.25,0.0,0.0,0.0,False,margin,0.0,0.0,0.0,0,0,,,"[{'asset': {'symbol': 'NQ=F', 'type': 'stock'}, 'quantity': 1.0}]",0.0,0.0,0.0,0.0,0.0,0.0,-0.0031934680417286445,100352.75000000003
2026-01-22 09:30:00-05:00,100352.75,75203.25,0.0,0.0,0.0,False,margin,0.0,0.0,0.0,0,0,,,"[{'asset': {'symbol': 'NQ=F', 'type': 'stock'}, 'quantity': 1.0}]",0.0,0.0,0.0,0.0,0.0,0.0,0.0,100352.75000000003
2026-01-22 09:30:00-05:00,100352.75,75203.25,0.0,0.0,0.0,False,margin,0.0,0.0,0.0,0,0,,,"[{'asset': {'symbol': 'NQ=F', 'type': 'stock'}, 'quantity': 1.0}]",0.0,0.0,0.0,0.0,0.0,0.0,0.0,100352.75000000003
2026-01-22 16:00:00-05:00,100352.75,75203.25,0.0,0.0,0.0,False,margin,0.0,0.0,0.0,0,0,,,"[{'asset': {'symbol': 'NQ=F', 'type': 'stock'}, 'quantity': 1.0}]",0.0,0.0,0.0,0.0,0.0,0.0,0.0,100352.75000000003
2026-01-23 08:30:00-05:00,100732.75,75203.25,0.0,0.0,0.0,False,margin,0.0,0.0,0.0,0,0,,,"[{'asset': {'symbol': 'NQ=F', 'type': 'stock'}, 'quantity': 1.0}]",0.0,0.0,0.0,0.0,0.0,0.0,0.003786642618164425,100732.75000000004
2026-01-23 09:30:00-05:00,100732.75,75203.25,0.0,0.0,0.0,False,margin,0.0,0.0,0.0,0,0,,,"[{'asset': {'symbol': 'NQ=F', 'type': 'stock'}, 'quantity': 1.0}]",0.0,0.0,0.0,0.0,0.0,0.0,0.0,100732.75000000004
2026-01-23 09:30:00-05:00,100732.75,75203.25,0.0,0.0,0.0,False,margin,0.0,0.0,0.0,0,0,,,"[{'asset': {'symbol': 'NQ=F', 'type': 'stock'}, 'quantity': 1.0}]",0.0,0.0,0.0,0.0,0.0,0.0,0.0,100732.75000000004
2026-01-23 16:00:00-05:00,100732.75,75203.25,0.0,0.0,0.0,False,margin,0.0,0.0,0.0,0,0,,,"[{'asset': {'symbol': 'NQ=F', 'type': 'stock'}, 'quantity': 1.0}]",0.0,0.0,0.0,0.0,0.0,0.0,0.0,100732.75000000004
2026-01-26 08:30:00-05:00,100808.25,75203.25,0.0,0.0,0.0,False,margin,0.0,0.0,0.0,0,0,,,"[{'asset': {'symbol': 'NQ=F', 'type': 'stock'}, 'quantity': 1.0}]",0.0,0.0,0.0,0.0,0.0,0.0,0.0007495079802745384,100808.25000000004
2026-01-26 09:30:00-05:00,100808.25,75203.25,0.0,0.0,0.0,False,margin,0.0,0.0,0.0,0,0,,,"[{'asset': {'symbol': 'NQ=F', 'type': 'stock'}, 'quantity': 1.0}]",0.0,0.0,0.0,0.0,0.0,0.0,0.0,100808.25000000004
2026-01-26 09:30:00-05:00,100808.25,75203.25,0.0,0.0,0.0,False,margin,0.0,0.0,0.0,0,0,,,"[{'asset': {'symbol': 'NQ=F', 'type': 'stock'}, 'quantity': 1.0}]",0.0,0.0,0.0,0.0,0.0,0.0,0.0,100808.25000000004
2026-01-26 16:00:00-05:00,100808.25,75203.25,0.0,0.0,0.0,False,margin,0.0,0.0,0.0,0,0,,,"[{'asset': {'symbol': 'NQ=F', 'type': 'stock'}, 'quantity': 1.0}]",0.0,0.0,0.0,0.0,0.0,0.0,0.0,100808.25000000004
2026-01-27 08:30:00-05:00,100788.75,75203.25,0.0,0.0,0.0,False,margin,0.0,0.0,0.0,0,0,,,"[{'asset': {'symbol': 'NQ=F', 'type': 'stock'}, 'quantity': 1.0}]",0.0,0.0,0.0,0.0,0.0,0.0,-0.0001934365490919642,100788.75000000004
2026-01-27 09:30:00-05:00,100788.75,75203.25,0.0,0.0,0.0,False,margin,0.0,0.0,0.0,0,0,,,"[{'asset': {'symbol': 'NQ=F', 'type': 'stock'}, 'quantity': 1.0}]",0.0,0.0,0.0,0.0,0.0,0.0,0.0,100788.75000000004
2026-01-27 09:30:00-05:00,100788.75,75203.25,0.0,0.0,0.0,False,margin,0.0,0.0,0.0,0,0,,,"[{'asset': {'symbol': 'NQ=F', 'type': 'stock'}, 'quantity': 1.0}]",0.0,0.0,0.0,0.0,0.0,0.0,0.0,100788.75000000004
2026-01-27 16:00:00-05:00,101064.5,101064.5,0.0,0.0,0.0,False,margin,0.0,0.0,0.0,0,0,,,[],0.0,0.0,0.0,0.0,0.0,0.0,0.0027359204276270915,101064.50000000004
2026-01-28 08:30:00-05:00,101064.5,101064.5,0.0,0.0,0.0,False,margin,0.0,0.0,0.0,0,0,,,[],0.0,0.0,0.0,0.0,0.0,0.0,0.0,101064.50000000004
2026-01-28 09:30:00-05:00,101064.5,101064.5,0.0,0.0,0.0,False,margin,0.0,0.0,0.0,0,0,,,[],0.0,0.0,0.0,0.0,0.0,0.0,0.0,101064.50000000004
2026-01-28 09:30:00-05:00,101064.5,101064.5,0.0,0.0,0.0,False,margin,0.0,0.0,0.0,0,0,,,[],0.0,0.0,0.0,0.0,0.0,0.0,0.0,101064.50000000004
2026-01-28 16:00:00-05:00,101064.5,101064.5,0.0,0.0,0.0,False,margin,0.0,0.0,0.0,0,0,,,[],0.0,0.0,0.0,0.0,0.0,0.0,0.0,101064.50000000004
2026-01-29 08:30:00-05:00,101064.5,101064.5,0.0,0.0,0.0,False,margin,0.0,0.0,0.0,0,0,,,[],0.0,0.0,0.0,0.0,0.0,0.0,0.0,101064.50000000004
2026-01-29 09:30:00-05:00,101064.5,101064.5,0.0,0.0,0.0,False,margin,0.0,0.0,0.0,0,0,,,[],0.0,0.0,0.0,0.0,0.0,0.0,0.0,101064.50000000004
2026-01-29 09:30:00-05:00,101064.5,101064.5,0.0,0.0,0.0,False,margin,0.0,0.0,0.0,0,0,,,[],0.0,0.0,0.0,0.0,0.0,0.0,0.0,101064.50000000004
2026-01-29 16:00:00-05:00,101064.5,101064.5,0.0,0.0,0.0,False,margin,0.0,0.0,0.0,0,0,,,[],0.0,0.0,0.0,0.0,0.0,0.0,0.0,101064.50000000004
2026-01-30 08:30:00-05:00,101064.5,101064.5,0.0,0.0,0.0,False,margin,0.0,0.0,0.0,0,0,,,[],0.0,0.0,0.0,0.0,0.0,0.0,0.0,101064.50000000004
2026-01-30 09:30:00-05:00,101064.5,101064.5,0.0,0.0,0.0,False,margin,0.0,0.0,0.0,0,0,,,[],0.0,0.0,0.0,0.0,0.0,0.0,0.0,101064.50000000004
2026-01-30 09:30:00-05:00,101064.5,101064.5,0.0,0.0,0.0,False,margin,0.0,0.0,0.0,0,0,,,[],0.0,0.0,0.0,0.0,0.0,0.0,0.0,101064.50000000004
2026-01-30 16:00:00-05:00,101064.5,101064.5,0.0,0.0,0.0,False,margin,0.0,0.0,0.0,0,0,,,[],0.0,0.0,0.0,0.0,0.0,0.0,0.0,101064.50000000004
2026-02-02 08:30:00-05:00,101064.5,101064.5,0.0,0.0,0.0,False,margin,0.0,0.0,0.0,0,0,,,[],0.0,0.0,0.0,0.0,0.0,0.0,0.0,101064.50000000004
2026-02-02 09:30:00-05:00,101064.5,101064.5,0.0,0.0,0.0,False,margin,0.0,0.0,0.0,0,0,,,[],0.0,0.0,0.0,0.0,0.0,0.0,0.0,101064.50000000004
2026-02-02 09:30:00-05:00,101064.5,101064.5,0.0,0.0,0.0,False,margin,0.0,0.0,0.0,0,0,,,[],0.0,0.0,0.0,0.0,0.0,0.0,0.0,101064.50000000004
2026-02-02 16:00:00-05:00,101064.5,101064.5,0.0,0.0,0.0,False,margin,0.0,0.0,0.0,0,0,,,[],0.0,0.0,0.0,0.0,0.0,0.0,0.0,101064.50000000004
2026-02-03 08:30:00-05:00,101064.5,101064.5,0.0,0.0,0.0,False,margin,0.0,0.0,0.0,0,0,,,[],0.0,0.0,0.0,0.0,0.0,0.0,0.0,101064.50000000004
2026-02-03 09:30:00-05:00,101064.5,101064.5,0.0,0.0,0.0,False,margin,0.0,0.0,0.0,0,0,,,[],0.0,0.0,0.0,0.0,0.0,0.0,0.0,101064.50000000004
2026-02-03 09:30:00-05:00,101064.5,101064.5,0.0,0.0,0.0,False,margin,0.0,0.0,0.0,0,0,,,[],0.0,0.0,0.0,0.0,0.0,0.0,0.0,101064.50000000004
2026-02-03 16:00:00-05:00,101064.5,101064.5,0.0,0.0,0.0,False,margin,0.0,0.0,0.0,0,0,,,[],0.0,0.0,0.0,0.0,0.0,0.0,0.0,101064.50000000004
2026-02-04 08:30:00-05:00,101064.5,101064.5,0.0,0.0,0.0,False,margin,0.0,0.0,0.0,0,0,,,[],0.0,0.0,0.0,0.0,0.0,0.0,0.0,101064.50000000004
2026-02-04 09:30:00-05:00,101064.5,101064.5,0.0,0.0,0.0,False,margin,0.0,0.0,0.0,0,0,,,[],0.0,0.0,0.0,0.0,0.0,0.0,0.0,101064.50000000004
2026-02-04 09:30:00-05:00,101064.5,101064.5,0.0,0.0,0.0,False,margin,0.0,0.0,0.0,0,0,,,[],0.0,0.0,0.0,0.0,0.0,0.0,0.0,101064.50000000004
2026-02-04 16:00:00-05:00,101064.5,101064.5,0.0,0.0,0.0,False,margin,0.0,0.0,0.0,0,0,,,[],0.0,0.0,0.0,0.0,0.0,0.0,0.0,101064.50000000004
2026-02-05 08:30:00-05:00,101064.5,101064.5,0.0,0.0,0.0,False,margin,0.0,0.0,0.0,0,0,,,[],0.0,0.0,0.0,0.0,0.0,0.0,0.0,101064.50000000004
2026-02-05 09:30:00-05:00,101064.5,101064.5,0.0,0.0,0.0,False,margin,0.0,0.0,0.0,0,0,,,[],0.0,0.0,0.0,0.0,0.0,0.0,0.0,101064.50000000004
2026-02-05 09:30:00-05:00,101064.5,101064.5,0.0,0.0,0.0,False,margin,0.0,0.0,0.0,0,0,,,[],0.0,0.0,0.0,0.0,0.0,0.0,0.0,101064.50000000004
2026-02-05 16:00:00-05:00,101064.5,101064.5,0.0,0.0,0.0,False,margin,0.0,0.0,0.0,0,0,,,[],0.0,0.0,0.0,0.0,0.0,0.0,0.0,101064.50000000004
2026-02-06 08:30:00-05:00,101064.5,101064.5,0.0,0.0,0.0,False,margin,0.0,0.0,0.0,0,0,,,[],0.0,0.0,0.0,0.0,0.0,0.0,0.0,101064.50000000004
2026-02-06 09:30:00-05:00,101064.5,101064.5,0.0,0.0,0.0,False,margin,0.0,0.0,0.0,0,0,,,[],0.0,0.0,0.0,0.0,0.0,0.0,0.0,101064.50000000004
2026-02-06 09:30:00-05:00,101064.5,101064.5,0.0,0.0,0.0,False,margin,0.0,0.0,0.0,0,0,,,[],0.0,0.0,0.0,0.0,0.0,0.0,0.0,101064.50000000004
2026-02-06 16:00:00-05:00,101064.5,101064.5,0.0,0.0,0.0,False,margin,0.0,0.0,0.0,0,0,,,[],0.0,0.0,0.0,0.0,0.0,0.0,0.0,101064.50000000004
2026-02-09 08:30:00-05:00,101064.5,101064.5,0.0,0.0,0.0,False,margin,0.0,0.0,0.0,0,0,,,[],0.0,0.0,0.0,0.0,0.0,0.0,0.0,101064.50000000004
2026-02-09 09:30:00-05:00,101064.5,101064.5,0.0,0.0,0.0,False,margin,0.0,0.0,0.0,0,0,,,[],0.0,0.0,0.0,0.0,0.0,0.0,0.0,101064.50000000004
2026-02-09 09:30:00-05:00,101064.5,101064.5,0.0,0.0,0.0,False,margin,0.0,0.0,0.0,0,0,,,[],0.0,0.0,0.0,0.0,0.0,0.0,0.0,101064.50000000004
2026-02-09 16:00:00-05:00,101064.5,101064.5,0.0,0.0,0.0,False,margin,0.0,0.0,0.0,0,0,,,[],0.0,0.0,0.0,0.0,0.0,0.0,0.0,101064.50000000004
2026-02-10 08:30:00-05:00,101064.5,101064.5,0.0,0.0,0.0,False,margin,0.0,0.0,0.0,0,0,,,[],0.0,0.0,0.0,0.0,0.0,0.0,0.0,101064.50000000004
2026-02-10 09:30:00-05:00,101064.5,101064.5,0.0,0.0,0.0,False,margin,0.0,0.0,0.0,0,0,,,[],0.0,0.0,0.0,0.0,0.0,0.0,0.0,101064.50000000004
2026-02-10 09:30:00-05:00,101064.5,101064.5,0.0,0.0,0.0,False,margin,0.0,0.0,0.0,0,0,,,[],0.0,0.0,0.0,0.0,0.0,0.0,0.0,101064.50000000004
2026-02-10 16:00:00-05:00,101064.5,101064.5,0.0,0.0,0.0,False,margin,0.0,0.0,0.0,0,0,,,[],0.0,0.0,0.0,0.0,0.0,0.0,0.0,101064.50000000004
2026-02-11 08:30:00-05:00,101064.5,101064.5,0.0,0.0,0.0,False,margin,0.0,0.0,0.0,0,0,,,[],0.0,0.0,0.0,0.0,0.0,0.0,0.0,101064.50000000004
2026-02-11 09:30:00-05:00,101064.5,101064.5,0.0,0.0,0.0,False,margin,0.0,0.0,0.0,0,0,,,[],0.0,0.0,0.0,0.0,0.0,0.0,0.0,101064.50000000004
2026-02-11 09:30:00-05:00,101064.5,101064.5,0.0,0.0,0.0,False,margin,0.0,0.0,0.0,0,0,,,[],0.0,0.0,0.0,0.0,0.0,0.0,0.0,101064.50000000004
2026-02-11 16:00:00-05:00,101168.5,75805.5,0.0,0.0,0.0,False,margin,0.0,0.0,0.0,0,0,,,"[{'asset': {'symbol': 'NQ=F', 'type': 'stock'}, 'quantity': 1.0}]",0.0,0.0,0.0,0.0,0.0,0.0,0.0010290458073804352,101168.50000000006
2026-02-12 08:30:00-05:00,101064.5,75805.5,0.0,0.0,0.0,False,margin,0.0,0.0,0.0,0,0,,,"[{'asset': {'symbol': 'NQ=F', 'type': 'stock'}, 'quantity': 1.0}]",0.0,0.0,0.0,0.0,0.0,0.0,-0.0010279879606794604,101064.50000000007
2026-02-12 09:30:00-05:00,101064.5,75805.5,0.0,0.0,0.0,False,margin,0.0,0.0,0.0,0,0,,,"[{'asset': {'symbol': 'NQ=F', 'type': 'stock'}, 'quantity': 1.0}]",0.0,0.0,0.0,0.0,0.0,0.0,0.0,101064.50000000007
2026-02-12 09:30:00-05:00,101064.5,75805.5,0.0,0.0,0.0,False,margin,0.0,0.0,0.0,0,0,,,"[{'asset': {'symbol': 'NQ=F', 'type': 'stock'}, 'quantity': 1.0}]",0.0,0.0,0.0,0.0,0.0,0.0,0.0,101064.50000000007
2026-02-12 16:00:00-05:00,101064.5,75805.5,0.0,0.0,0.0,False,margin,0.0,0.0,0.0,0,0,,,"[{'asset': {'symbol': 'NQ=F', 'type': 'stock'}, 'quantity': 1.0}]",0.0,0.0,0.0,0.0,0.0,0.0,0.0,101064.50000000007
2026-02-13 08:30:00-05:00,101094.5,75805.5,0.0,0.0,0.0,False,margin,0.0,0.0,0.0,0,0,,,"[{'asset': {'symbol': 'NQ=F', 'type': 'stock'}, 'quantity': 1.0}]",0.0,0.0,0.0,0.0,0.0,0.0,0.00029684013674435633,101094.50000000006
2026-02-13 09:30:00-05:00,101094.5,75805.5,0.0,0.0,0.0,False,margin,0.0,0.0,0.0,0,0,,,"[{'asset': {'symbol': 'NQ=F', 'type': 'stock'}, 'quantity': 1.0}]",0.0,0.0,0.0,0.0,0.0,0.0,0.0,101094.50000000006
2026-02-13 09:30:00-05:00,101094.5,75805.5,0.0,0.0,0.0,False,margin,0.0,0.0,0.0,0,0,,,"[{'asset': {'symbol': 'NQ=F', 'type': 'stock'}, 'quantity': 1.0}]",0.0,0.0,0.0,0.0,0.0,0.0,0.0,101094.50000000006
2026-02-13 16:00:00-05:00,101094.5,75805.5,0.0,0.0,0.0,False,margin,0.0,0.0,0.0,0,0,,,"[{'asset': {'symbol': 'NQ=F', 'type': 'stock'}, 'quantity': 1.0}]",0.0,0.0,0.0,0.0,0.0,0.0,0.0,101094.50000000006
2026-02-17 08:30:00-05:00,100647.75,75805.5,0.0,0.0,0.0,False,margin,0.0,0.0,0.0,0,0,,,"[{'asset': {'symbol': 'NQ=F', 'type': 'stock'}, 'quantity': 1.0}]",0.0,0.0,0.0,0.0,0.0,0.0,-0.004419132593761282,100647.75000000006
2026-02-17 09:30:00-05:00,100647.75,75805.5,0.0,0.0,0.0,False,margin,0.0,0.0,0.0,0,0,,,"[{'asset': {'symbol': 'NQ=F', 'type': 'stock'}, 'quantity': 1.0}]",0.0,0.0,0.0,0.0,0.0,0.0,0.0,100647.75000000006
2026-02-17 09:30:00-05:00,100647.75,75805.5,0.0,0.0,0.0,False,margin,0.0,0.0,0.0,0,0,,,"[{'asset': {'symbol': 'NQ=F', 'type': 'stock'}, 'quantity': 1.0}]",0.0,0.0,0.0,0.0,0.0,0.0,0.0,100647.75000000006
2026-02-17 16:00:00-05:00,100647.75,75805.5,0.0,0.0,0.0,False,margin,0.0,0.0,0.0,0,0,,,"[{'asset': {'symbol': 'NQ=F', 'type': 'stock'}, 'quantity': 1.0}]",0.0,0.0,0.0,0.0,0.0,0.0,0.0,100647.75000000006
2026-02-18 08:30:00-05:00,100595.25,75805.5,0.0,0.0,0.0,False,margin,0.0,0.0,0.0,0,0,,,"[{'asset': {'symbol': 'NQ=F', 'type': 'stock'}, 'quantity': 1.0}]",0.0,0.0,0.0,0.0,0.0,0.0,-0.0005216211986855145,100595.25000000007
2026-02-18 09:30:00-05:00,100595.25,75805.5,0.0,0.0,0.0,False,margin,0.0,0.0,0.0,0,0,,,"[{'asset': {'symbol': 'NQ=F', 'type': 'stock'}, 'quantity': 1.0}]",0.0,0.0,0.0,0.0,0.0,0.0,0.0,100595.25000000007
2026-02-18 09:30:00-05:00,100595.25,75805.5,0.0,0.0,0.0,False,margin,0.0,0.0,0.0,0,0,,,"[{'asset': {'symbol': 'NQ=F', 'type': 'stock'}, 'quantity': 1.0}]",0.0,0.0,0.0,0.0,0.0,0.0,0.0,100595.25000000007
2026-02-18 16:00:00-05:00,100595.25,75805.5,0.0,0.0,0.0,False,margin,0.0,0.0,0.0,0,0,,,"[{'asset': {'symbol': 'NQ=F', 'type': 'stock'}, 'quantity': 1.0}]",0.0,0.0,0.0,0.0,0.0,0.0,0.0,100595.25000000007
2026-02-19 08:30:00-05:00,100579.25,75805.5,0.0,0.0,0.0,False,margin,0.0,0.0,0.0,0,0,,,"[{'asset': {'symbol': 'NQ=F', 'type': 'stock'}, 'quantity': 1.0}]",0.0,0.0,0.0,0.0,0.0,0.0,-0.0001590532356150017,100579.25000000007
2026-02-19 09:30:00-05:00,100579.25,75805.5,0.0,0.0,0.0,False,margin,0.0,0.0,0.0,0,0,,,"[{'asset': {'symbol': 'NQ=F', 'type': 'stock'}, 'quantity': 1.0}]",0.0,0.0,0.0,0.0,0.0,0.0,0.0,100579.25000000007
2026-02-19 09:30:00-05:00,100579.25,75805.5,0.0,0.0,0.0,False,margin,0.0,0.0,0.0,0,0,,,"[{'asset': {'symbol': 'NQ=F', 'type': 'stock'}, 'quantity': 1.0}]",0.0,0.0,0.0,0.0,0.0,0.0,0.0,100579.25000000007
2026-02-19 16:00:00-05:00,100579.25,75805.5,0.0,0.0,0.0,False,margin,0.0,0.0,0.0,0,0,,,"[{'asset': {'symbol': 'NQ=F', 'type': 'stock'}, 'quantity': 1.0}]",0.0,0.0,0.0,0.0,0.0,0.0,0.0,100579.25000000007
2026-02-20 08:30:00-05:00,100749.0,75805.5,0.0,0.0,0.0,False,margin,0.0,0.0,0.0,0,0,,,"[{'asset': {'symbol': 'NQ=F', 'type': 'stock'}, 'quantity': 1.0}]",0.0,0.0,0.0,0.0,0.0,0.0,0.0016877238595435938,100749.00000000009
2026-02-20 09:30:00-05:00,100749.0,75805.5,0.0,0.0,0.0,False,margin,0.0,0.0,0.0,0,0,,,"[{'asset': {'symbol': 'NQ=F', 'type': 'stock'}, 'quantity': 1.0}]",0.0,0.0,0.0,0.0,0.0,0.0,0.0,100749.00000000009
2026-02-20 09:30:00-05:00,100749.0,75805.5,0.0,0.0,0.0,False,margin,0.0,0.0,0.0,0,0,,,"[{'asset': {'symbol': 'NQ=F', 'type': 'stock'}, 'quantity': 1.0}]",0.0,0.0,0.0,0.0,0.0,0.0,0.0,100749.00000000009
2026-02-20 16:00:00-05:00,100749.0,75805.5,0.0,0.0,0.0,False,margin,0.0,0.0,0.0,0,0,,,"[{'asset': {'symbol': 'NQ=F', 'type': 'stock'}, 'quantity': 1.0}]",0.0,0.0,0.0,0.0,0.0,0.0,0.0,100749.00000000009
2026-02-23 08:30:00-05:00,100643.25,75805.5,0.0,0.0,0.0,False,margin,0.0,0.0,0.0,0,0,,,"[{'asset': {'symbol': 'NQ=F', 'type': 'stock'}, 'quantity': 1.0}]",0.0,0.0,0.0,0.0,0.0,0.0,-0.0010496382098085341,100643.2500000001
2026-02-23 09:30:00-05:00,100643.25,75805.5,0.0,0.0,0.0,False,margin,0.0,0.0,0.0,0,0,,,"[{'asset': {'symbol': 'NQ=F', 'type': 'stock'}, 'quantity': 1.0}]",0.0,0.0,0.0,0.0,0.0,0.0,0.0,100643.2500000001
2026-02-23 09:30:00-05:00,100643.25,75805.5,0.0,0.0,0.0,False,margin,0.0,0.0,0.0,0,0,,,"[{'asset': {'symbol': 'NQ=F', 'type': 'stock'}, 'quantity': 1.0}]",0.0,0.0,0.0,0.0,0.0,0.0,0.0,100643.2500000001
2026-02-23 16:00:00-05:00,100839.25,100839.25,0.0,0.0,0.0,False,margin,0.0,0.0,0.0,0,0,,,[],0.0,0.0,0.0,0.0,0.0,0.0,0.00194747288069493,100839.25000000009
2026-02-24 08:30:00-05:00,100839.25,100839.25,0.0,0.0,0.0,False,margin,0.0,0.0,0.0,0,0,,,[],0.0,0.0,0.0,0.0,0.0,0.0,0.0,100839.25000000009
2026-02-24 09:30:00-05:00,100839.25,100839.25,0.0,0.0,0.0,False,margin,0.0,0.0,0.0,0,0,,,[],0.0,0.0,0.0,0.0,0.0,0.0,0.0,100839.25000000009
2026-02-24 09:30:00-05:00,100839.25,100839.25,0.0,0.0,0.0,False,margin,0.0,0.0,0.0,0,0,,,[],0.0,0.0,0.0,0.0,0.0,0.0,0.0,100839.25000000009
2026-02-24 16:00:00-05:00,100839.25,100839.25,0.0,0.0,0.0,False,margin,0.0,0.0,0.0,0,0,,,[],0.0,0.0,0.0,0.0,0.0,0.0,0.0,100839.25000000009
2026-02-25 08:30:00-05:00,100839.25,100839.25,0.0,0.0,0.0,False,margin,0.0,0.0,0.0,0,0,,,[],0.0,0.0,0.0,0.0,0.0,0.0,0.0,100839.25000000009
2026-02-25 09:30:00-05:00,100839.25,100839.25,0.0,0.0,0.0,False,margin,0.0,0.0,0.0,0,0,,,[],0.0,0.0,0.0,0.0,0.0,0.0,0.0,100839.25000000009
2026-02-25 09:30:00-05:00,100839.25,100839.25,0.0,0.0,0.0,False,margin,0.0,0.0,0.0,0,0,,,[],0.0,0.0,0.0,0.0,0.0,0.0,0.0,100839.25000000009
2026-02-25 16:00:00-05:00,100839.25,100839.25,0.0,0.0,0.0,False,margin,0.0,0.0,0.0,0,0,,,[],0.0,0.0,0.0,0.0,0.0,0.0,0.0,100839.25000000009
2026-02-26 08:30:00-05:00,100839.25,100839.25,0.0,0.0,0.0,False,margin,0.0,0.0,0.0,0,0,,,[],0.0,0.0,0.0,0.0,0.0,0.0,0.0,100839.25000000009
2026-02-26 09:30:00-05:00,100839.25,100839.25,0.0,0.0,0.0,False,margin,0.0,0.0,0.0,0,0,,,[],0.0,0.0,0.0,0.0,0.0,0.0,0.0,100839.25000000009
2026-02-26 09:30:00-05:00,100839.25,100839.25,0.0,0.0,0.0,False,margin,0.0,0.0,0.0,0,0,,,[],0.0,0.0,0.0,0.0,0.0,0.0,0.0,100839.25000000009
2026-02-26 16:00:00-05:00,100839.25,100839.25,0.0,0.0,0.0,False,margin,0.0,0.0,0.0,0,0,,,[],0.0,0.0,0.0,0.0,0.0,0.0,0.0,100839.25000000009
2026-02-27 08:30:00-05:00,100839.25,100839.25,0.0,0.0,0.0,False,margin,0.0,0.0,0.0,0,0,,,[],0.0,0.0,0.0,0.0,0.0,0.0,0.0,100839.25000000009
2026-02-27 09:30:00-05:00,100839.25,100839.25,0.0,0.0,0.0,False,margin,0.0,0.0,0.0,0,0,,,[],0.0,0.0,0.0,0.0,0.0,0.0,0.0,100839.25000000009
2026-02-27 09:30:00-05:00,100839.25,100839.25,0.0,0.0,0.0,False,margin,0.0,0.0,0.0,0,0,,,[],0.0,0.0,0.0,0.0,0.0,0.0,0.0,100839.25000000009
2026-02-27 16:00:00-05:00,100839.25,100839.25,0.0,0.0,0.0,False,margin,0.0,0.0,0.0,0,0,,,[],0.0,0.0,0.0,0.0,0.0,0.0,0.0,100839.25000000009
2026-03-02 08:30:00-05:00,100839.25,100839.25,0.0,0.0,0.0,False,margin,0.0,0.0,0.0,0,0,,,[],0.0,0.0,0.0,0.0,0.0,0.0,0.0,100839.25000000009
2026-03-02 09:30:00-05:00,100839.25,100839.25,0.0,0.0,0.0,False,margin,0.0,0.0,0.0,0,0,,,[],0.0,0.0,0.0,0.0,0.0,0.0,0.0,100839.25000000009
2026-03-02 09:30:00-05:00,100839.25,100839.25,0.0,0.0,0.0,False,margin,0.0,0.0,0.0,0,0,,,[],0.0,0.0,0.0,0.0,0.0,0.0,0.0,100839.25000000009
2026-03-02 16:00:00-05:00,100839.25,100839.25,0.0,0.0,0.0,False,margin,0.0,0.0,0.0,0,0,,,[],0.0,0.0,0.0,0.0,0.0,0.0,0.0,100839.25000000009
2026-03-03 08:30:00-05:00,100839.25,100839.25,0.0,0.0,0.0,False,margin,0.0,0.0,0.0,0,0,,,[],0.0,0.0,0.0,0.0,0.0,0.0,0.0,100839.25000000009
2026-03-03 09:30:00-05:00,100839.25,100839.25,0.0,0.0,0.0,False,margin,0.0,0.0,0.0,0,0,,,[],0.0,0.0,0.0,0.0,0.0,0.0,0.0,100839.25000000009
2026-03-03 09:30:00-05:00,100839.25,100839.25,0.0,0.0,0.0,False,margin,0.0,0.0,0.0,0,0,,,[],0.0,0.0,0.0,0.0,0.0,0.0,0.0,100839.25000000009
2026-03-03 16:00:00-05:00,100839.25,100839.25,0.0,0.0,0.0,False,margin,0.0,0.0,0.0,0,0,,,[],0.0,0.0,0.0,0.0,0.0,0.0,0.0,100839.25000000009
2026-03-04 08:30:00-05:00,100839.25,100839.25,0.0,0.0,0.0,False,margin,0.0,0.0,0.0,0,0,,,[],0.0,0.0,0.0,0.0,0.0,0.0,0.0,100839.25000000009
2026-03-04 09:30:00-05:00,100839.25,100839.25,0.0,0.0,0.0,False,margin,0.0,0.0,0.0,0,0,,,[],0.0,0.0,0.0,0.0,0.0,0.0,0.0,100839.25000000009
2026-03-04 09:30:00-05:00,100839.25,100839.25,0.0,0.0,0.0,False,margin,0.0,0.0,0.0,0,0,,,[],0.0,0.0,0.0,0.0,0.0,0.0,0.0,100839.25000000009
2026-03-04 16:00:00-05:00,100839.25,100839.25,0.0,0.0,0.0,False,margin,0.0,0.0,0.0,0,0,,,[],0.0,0.0,0.0,0.0,0.0,0.0,0.0,100839.25000000009
2026-03-05 08:30:00-05:00,100839.25,100839.25,0.0,0.0,0.0,False,margin,0.0,0.0,0.0,0,0,,,[],0.0,0.0,0.0,0.0,0.0,0.0,0.0,100839.25000000009
2026-03-05 09:30:00-05:00,100839.25,100839.25,0.0,0.0,0.0,False,margin,0.0,0.0,0.0,0,0,,,[],0.0,0.0,0.0,0.0,0.0,0.0,0.0,100839.25000000009
2026-03-05 09:30:00-05:00,100839.25,100839.25,0.0,0.0,0.0,False,margin,0.0,0.0,0.0,0,0,,,[],0.0,0.0,0.0,0.0,0.0,0.0,0.0,100839.25000000009
2026-03-05 16:00:00-05:00,100839.25,100839.25,0.0,0.0,0.0,False,margin,0.0,0.0,0.0,0,0,,,[],0.0,0.0,0.0,0.0,0.0,0.0,0.0,100839.25000000009
2026-03-06 08:30:00-05:00,100839.25,100839.25,0.0,0.0,0.0,False,margin,0.0,0.0,0.0,0,0,,,[],0.0,0.0,0.0,0.0,0.0,0.0,0.0,100839.25000000009
2026-03-06 09:30:00-05:00,100839.25,100839.25,0.0,0.0,0.0,False,margin,0.0,0.0,0.0,0,0,,,[],0.0,0.0,0.0,0.0,0.0,0.0,0.0,100839.25000000009
2026-03-06 09:30:00-05:00,100839.25,100839.25,0.0,0.0,0.0,False,margin,0.0,0.0,0.0,0,0,,,[],0.0,0.0,0.0,0.0,0.0,0.0,0.0,100839.25000000009
2026-03-06 16:00:00-05:00,100839.25,100839.25,0.0,0.0,0.0,False,margin,0.0,0.0,0.0,0,0,,,[],0.0,0.0,0.0,0.0,0.0,0.0,0.0,100839.25000000009
2026-03-09 08:30:00-04:00,100839.25,100839.25,0.0,0.0,0.0,False,margin,0.0,0.0,0.0,0,0,,,[],0.0,0.0,0.0,0.0,0.0,0.0,0.0,100839.25000000009
2026-03-09 09:30:00-04:00,100839.25,100839.25,0.0,0.0,0.0,False,margin,0.0,0.0,0.0,0,0,,,[],0.0,0.0,0.0,0.0,0.0,0.0,0.0,100839.25000000009
2026-03-09 09:30:00-04:00,100839.25,100839.25,0.0,0.0,0.0,False,margin,0.0,0.0,0.0,0,0,,,[],0.0,0.0,0.0,0.0,0.0,0.0,0.0,100839.25000000009
2026-03-09 16:00:00-04:00,102008.25,51968.75,0.0,0.0,0.0,False,margin,0.0,0.0,0.0,0,0,,,"[{'asset': {'symbol': 'NQ=F', 'type': 'stock'}, 'quantity': 2.0}]",0.0,0.0,0.0,0.0,0.0,0.0,0.0115927081964612,102008.25000000012
2026-03-10 08:30:00-04:00,100839.25,51968.75,0.0,0.0,0.0,False,margin,0.0,0.0,0.0,0,0,,,"[{'asset': {'symbol': 'NQ=F', 'type': 'stock'}, 'quantity': 2.0}]",0.0,0.0,0.0,0.0,0.0,0.0,-0.011459857413493516,100839.25000000012
2026-03-10 09:30:00-04:00,100839.25,51968.75,0.0,0.0,0.0,False,margin,0.0,0.0,0.0,0,0,,,"[{'asset': {'symbol': 'NQ=F', 'type': 'stock'}, 'quantity': 2.0}]",0.0,0.0,0.0,0.0,0.0,0.0,0.0,100839.25000000012
2026-03-10 09:30:00-04:00,100839.25,51968.75,0.0,0.0,0.0,False,margin,0.0,0.0,0.0,0,0,,,"[{'asset': {'symbol': 'NQ=F', 'type': 'stock'}, 'quantity': 2.0}]",0.0,0.0,0.0,0.0,0.0,0.0,0.0,100839.25000000012
2026-03-10 16:00:00-04:00,101931.75,101931.75,0.0,0.0,0.0,False,margin,0.0,0.0,0.0,0,0,,,[],0.0,0.0,0.0,0.0,0.0,0.0,0.010834075025349752,101931.75000000012
2026-03-11 08:30:00-04:00,101931.75,101931.75,0.0,0.0,0.0,False,margin,0.0,0.0,0.0,0,0,,,[],0.0,0.0,0.0,0.0,0.0,0.0,0.0,101931.75000000012
2026-03-11 09:30:00-04:00,101931.75,101931.75,0.0,0.0,0.0,False,margin,0.0,0.0,0.0,0,0,,,[],0.0,0.0,0.0,0.0,0.0,0.0,0.0,101931.75000000012
2026-03-11 09:30:00-04:00,101931.75,101931.75,0.0,0.0,0.0,False,margin,0.0,0.0,0.0,0,0,,,[],0.0,0.0,0.0,0.0,0.0,0.0,0.0,101931.75000000012
2026-03-11 16:00:00-04:00,101931.75,101931.75,0.0,0.0,0.0,False,margin,0.0,0.0,0.0,0,0,,,[],0.0,0.0,0.0,0.0,0.0,0.0,0.0,101931.75000000012
2026-03-12 08:30:00-04:00,101931.75,101931.75,0.0,0.0,0.0,False,margin,0.0,0.0,0.0,0,0,,,[],0.0,0.0,0.0,0.0,0.0,0.0,0.0,101931.75000000012
2026-03-12 09:30:00-04:00,101931.75,101931.75,0.0,0.0,0.0,False,margin,0.0,0.0,0.0,0,0,,,[],0.0,0.0,0.0,0.0,0.0,0.0,0.0,101931.75000000012
2026-03-12 09:30:00-04:00,101931.75,101931.75,0.0,0.0,0.0,False,margin,0.0,0.0,0.0,0,0,,,[],0.0,0.0,0.0,0.0,0.0,0.0,0.0,101931.75000000012
2026-03-12 16:00:00-04:00,101931.75,101931.75,0.0,0.0,0.0,False,margin,0.0,0.0,0.0,0,0,,,[],0.0,0.0,0.0,0.0,0.0,0.0,0.0,101931.75000000012
2026-03-13 08:30:00-04:00,101931.75,101931.75,0.0,0.0,0.0,False,margin,0.0,0.0,0.0,0,0,,,[],0.0,0.0,0.0,0.0,0.0,0.0,0.0,101931.75000000012
2026-03-13 09:30:00-04:00,101931.75,101931.75,0.0,0.0,0.0,False,margin,0.0,0.0,0.0,0,0,,,[],0.0,0.0,0.0,0.0,0.0,0.0,0.0,101931.75000000012
2026-03-13 09:30:00-04:00,101931.75,101931.75,0.0,0.0,0.0,False,margin,0.0,0.0,0.0,0,0,,,[],0.0,0.0,0.0,0.0,0.0,0.0,0.0,101931.75000000012
2026-03-13 16:00:00-04:00,102666.75,52797.75,0.0,0.0,0.0,False,margin,0.0,0.0,0.0,0,0,,,"[{'asset': {'symbol': 'NQ=F', 'type': 'stock'}, 'quantity': 2.0}]",0.0,0.0,0.0,0.0,0.0,0.0,0.0072107071643526185,102666.75000000012
2026-03-16 08:30:00-04:00,101931.75,52797.75,0.0,0.0,0.0,False,margin,0.0,0.0,0.0,0,0,,,"[{'asset': {'symbol': 'NQ=F', 'type': 'stock'}, 'quantity': 2.0}]",0.0,0.0,0.0,0.0,0.0,0.0,-0.007159085098145212,101931.75000000012
2026-03-16 09:30:00-04:00,101931.75,52797.75,0.0,0.0,0.0,False,margin,0.0,0.0,0.0,0,0,,,"[{'asset': {'symbol': 'NQ=F', 'type': 'stock'}, 'quantity': 2.0}]",0.0,0.0,0.0,0.0,0.0,0.0,0.0,101931.75000000012
2026-03-16 09:30:00-04:00,101931.75,52797.75,0.0,0.0,0.0,False,margin,0.0,0.0,0.0,0,0,,,"[{'asset': {'symbol': 'NQ=F', 'type': 'stock'}, 'quantity': 2.0}]",0.0,0.0,0.0,0.0,0.0,0.0,0.0,101931.75000000012
2026-03-16 16:00:00-04:00,101931.75,52797.75,0.0,0.0,0.0,False,margin,0.0,0.0,0.0,0,0,,,"[{'asset': {'symbol': 'NQ=F', 'type': 'stock'}, 'quantity': 2.0}]",0.0,0.0,0.0,0.0,0.0,0.0,0.0,101931.75000000012
2026-03-17 08:30:00-04:00,101367.75,52797.75,0.0,0.0,0.0,False,margin,0.0,0.0,0.0,0,0,,,"[{'asset': {'symbol': 'NQ=F', 'type': 'stock'}, 'quantity': 2.0}]",0.0,0.0,0.0,0.0,0.0,0.0,-0.0055331140689726215,101367.75000000012
2026-03-17 09:30:00-04:00,101367.75,52797.75,0.0,0.0,0.0,False,margin,0.0,0.0,0.0,0,0,,,"[{'asset': {'symbol': 'NQ=F', 'type': 'stock'}, 'quantity': 2.0}]",0.0,0.0,0.0,0.0,0.0,0.0,0.0,101367.75000000012
2026-03-17 09:30:00-04:00,101367.75,52797.75,0.0,0.0,0.0,False,margin,0.0,0.0,0.0,0,0,,,"[{'asset': {'symbol': 'NQ=F', 'type': 'stock'}, 'quantity': 2.0}]",0.0,0.0,0.0,0.0,0.0,0.0,0.0,101367.75000000012
2026-03-17 16:00:00-04:00,101367.75,52797.75,0.0,0.0,0.0,False,margin,0.0,0.0,0.0,0,0,,,"[{'asset': {'symbol': 'NQ=F', 'type': 'stock'}, 'quantity': 2.0}]",0.0,0.0,0.0,0.0,0.0,0.0,0.0,101367.75000000012
2026-03-18 08:30:00-04:00,102135.25,52797.75,0.0,0.0,0.0,False,margin,0.0,0.0,0.0,0,0,,,"[{'asset': {'symbol': 'NQ=F', 'type': 'stock'}, 'quantity': 2.0}]",0.0,0.0,0.0,0.0,0.0,0.0,0.007571441607414587,102135.25000000012
2026-03-18 09:30:00-04:00,102135.25,52797.75,0.0,0.0,0.0,False,margin,0.0,0.0,0.0,0,0,,,"[{'asset': {'symbol': 'NQ=F', 'type': 'stock'}, 'quantity': 2.0}]",0.0,0.0,0.0,0.0,0.0,0.0,0.0,102135.25000000012
2026-03-18 09:30:00-04:00,102135.25,52797.75,0.0,0.0,0.0,False,margin,0.0,0.0,0.0,0,0,,,"[{'asset': {'symbol': 'NQ=F', 'type': 'stock'}, 'quantity': 2.0}]",0.0,0.0,0.0,0.0,0.0,0.0,0.0,102135.25000000012
2026-03-18 16:00:00-04:00,102135.25,52797.75,0.0,0.0,0.0,False,margin,0.0,0.0,0.0,0,0,,,"[{'asset': {'symbol': 'NQ=F', 'type': 'stock'}, 'quantity': 2.0}]",0.0,0.0,0.0,0.0,0.0,0.0,0.0,102135.25000000012
2026-03-19 08:30:00-04:00,102389.75,52797.75,0.0,0.0,0.0,False,margin,0.0,0.0,0.0,0,0,,,"[{'asset': {'symbol': 'NQ=F', 'type': 'stock'}, 'quantity': 2.0}]",0.0,0.0,0.0,0.0,0.0,0.0,0.002491793969271138,102389.75000000013
2026-03-19 09:30:00-04:00,102389.75,52797.75,0.0,0.0,0.0,False,margin,0.0,0.0,0.0,0,0,,,"[{'asset': {'symbol': 'NQ=F', 'type': 'stock'}, 'quantity': 2.0}]",0.0,0.0,0.0,0.0,0.0,0.0,0.0,102389.75000000013
2026-03-19 09:30:00-04:00,102389.75,52797.75,0.0,0.0,0.0,False,margin,0.0,0.0,0.0,0,0,,,"[{'asset': {'symbol': 'NQ=F', 'type': 'stock'}, 'quantity': 2.0}]",0.0,0.0,0.0,0.0,0.0,0.0,0.0,102389.75000000013
2026-03-19 16:00:00-04:00,102389.75,52797.75,0.0,0.0,0.0,False,margin,0.0,0.0,0.0,0,0,,,"[{'asset': {'symbol': 'NQ=F', 'type': 'stock'}, 'quantity': 2.0}]",0.0,0.0,0.0,0.0,0.0,0.0,0.0,102389.75000000013
2026-03-20 08:30:00-04:00,101597.25,52797.75,0.0,0.0,0.0,False,margin,0.0,0.0,0.0,0,0,,,"[{'asset': {'symbol': 'NQ=F', 'type': 'stock'}, 'quantity': 2.0}]",0.0,0.0,0.0,0.0,0.0,0.0,-0.007740032571619718,101597.25000000013
2026-03-20 09:30:00-04:00,101597.25,52797.75,0.0,0.0,0.0,False,margin,0.0,0.0,0.0,0,0,,,"[{'asset': {'symbol': 'NQ=F', 'type': 'stock'}, 'quantity': 2.0}]",0.0,0.0,0.0,0.0,0.0,0.0,0.0,101597.25000000013
2026-03-20 09:30:00-04:00,101597.25,52797.75,0.0,0.0,0.0,False,margin,0.0,0.0,0.0,0,0,,,"[{'asset': {'symbol': 'NQ=F', 'type': 'stock'}, 'quantity': 2.0}]",0.0,0.0,0.0,0.0,0.0,0.0,0.0,101597.25000000013
2026-03-20 16:00:00-04:00,101597.25,52797.75,0.0,0.0,0.0,False,margin,0.0,0.0,0.0,0,0,,,"[{'asset': {'symbol': 'NQ=F', 'type': 'stock'}, 'quantity': 2.0}]",0.0,0.0,0.0,0.0,0.0,0.0,0.0,101597.25000000013
2026-03-23 08:30:00-04:00,101632.25,52797.75,0.0,0.0,0.0,False,margin,0.0,0.0,0.0,0,0,,,"[{'asset': {'symbol': 'NQ=F', 'type': 'stock'}, 'quantity': 2.0}]",0.0,0.0,0.0,0.0,0.0,0.0,0.0003444975134661617,101632.25000000012
2026-03-23 09:30:00-04:00,101632.25,52797.75,0.0,0.0,0.0,False,margin,0.0,0.0,0.0,0,0,,,"[{'asset': {'symbol': 'NQ=F', 'type': 'stock'}, 'quantity': 2.0}]",0.0,0.0,0.0,0.0,0.0,0.0,0.0,101632.25000000012
2026-03-23 09:30:00-04:00,101632.25,52797.75,0.0,0.0,0.0,False,margin,0.0,0.0,0.0,0,0,,,"[{'asset': {'symbol': 'NQ=F', 'type': 'stock'}, 'quantity': 2.0}]",0.0,0.0,0.0,0.0,0.0,0.0,0.0,101632.25000000012
2026-03-23 16:00:00-04:00,101632.25,52797.75,0.0,0.0,0.0,False,margin,0.0,0.0,0.0,0,0,,,"[{'asset': {'symbol': 'NQ=F', 'type': 'stock'}, 'quantity': 2.0}]",0.0,0.0,0.0,0.0,0.0,0.0,0.0,101632.25000000012
2026-03-24 08:30:00-04:00,100601.75,52797.75,0.0,0.0,0.0,False,margin,0.0,0.0,0.0,0,0,,,"[{'asset': {'symbol': 'NQ=F', 'type': 'stock'}, 'quantity': 2.0}]",0.0,0.0,0.0,0.0,0.0,0.0,-0.01013949804319003,100601.75000000012
2026-03-24 09:30:00-04:00,100601.75,52797.75,0.0,0.0,0.0,False,margin,0.0,0.0,0.0,0,0,,,"[{'asset': {'symbol': 'NQ=F', 'type': 'stock'}, 'quantity': 2.0}]",0.0,0.0,0.0,0.0,0.0,0.0,0.0,100601.75000000012
2026-03-24 09:30:00-04:00,100601.75,52797.75,0.0,0.0,0.0,False,margin,0.0,0.0,0.0,0,0,,,"[{'asset': {'symbol': 'NQ=F', 'type': 'stock'}, 'quantity': 2.0}]",0.0,0.0,0.0,0.0,0.0,0.0,0.0,100601.75000000012
2026-03-24 16:00:00-04:00,100601.75,52797.75,0.0,0.0,0.0,False,margin,0.0,0.0,0.0,0,0,,,"[{'asset': {'symbol': 'NQ=F', 'type': 'stock'}, 'quantity': 2.0}]",0.0,0.0,0.0,0.0,0.0,0.0,0.0,100601.75000000012
2026-03-25 08:30:00-04:00,101632.25,52797.75,0.0,0.0,0.0,False,margin,0.0,0.0,0.0,0,0,,,"[{'asset': {'symbol': 'NQ=F', 'type': 'stock'}, 'quantity': 2.0}]",0.0,0.0,0.0,0.0,0.0,0.0,0.010243360577723548,101632.25000000012
2026-03-25 09:30:00-04:00,101632.25,52797.75,0.0,0.0,0.0,False,margin,0.0,0.0,0.0,0,0,,,"[{'asset': {'symbol': 'NQ=F', 'type': 'stock'}, 'quantity': 2.0}]",0.0,0.0,0.0,0.0,0.0,0.0,0.0,101632.25000000012
2026-03-25 09:30:00-04:00,101632.25,52797.75,0.0,0.0,0.0,False,margin,0.0,0.0,0.0,0,0,,,"[{'asset': {'symbol': 'NQ=F', 'type': 'stock'}, 'quantity': 2.0}]",0.0,0.0,0.0,0.0,0.0,0.0,0.0,101632.25000000012
2026-03-25 16:00:00-04:00,101632.25,52797.75,0.0,0.0,0.0,False,margin,0.0,0.0,0.0,0,0,,,"[{'asset': {'symbol': 'NQ=F', 'type': 'stock'}, 'quantity': 2.0}]",0.0,0.0,0.0,0.0,0.0,0.0,0.0,101632.25000000012
2026-03-26 08:30:00-04:00,101637.75,52797.75,0.0,0.0,0.0,False,margin,0.0,0.0,0.0,0,0,,,"[{'asset': {'symbol': 'NQ=F', 'type': 'stock'}, 'quantity': 2.0}]",0.0,0.0,0.0,0.0,0.0,0.0,5.411668048281918e-05,101637.7500000001
2026-03-26 09:30:00-04:00,101637.75,52797.75,0.0,0.0,0.0,False,margin,0.0,0.0,0.0,0,0,,,"[{'asset': {'symbol': 'NQ=F', 'type': 'stock'}, 'quantity': 2.0}]",0.0,0.0,0.0,0.0,0.0,0.0,0.0,101637.7500000001
2026-03-26 09:30:00-04:00,101637.75,52797.75,0.0,0.0,0.0,False,margin,0.0,0.0,0.0,0,0,,,"[{'asset': {'symbol': 'NQ=F', 'type': 'stock'}, 'quantity': 2.0}]",0.0,0.0,0.0,0.0,0.0,0.0,0.0,101637.7500000001
2026-03-26 16:00:00-04:00,101637.75,52797.75,0.0,0.0,0.0,False,margin,0.0,0.0,0.0,0,0,,,"[{'asset': {'symbol': 'NQ=F', 'type': 'stock'}, 'quantity': 2.0}]",0.0,0.0,0.0,0.0,0.0,0.0,0.0,101637.7500000001
2026-03-27 08:30:00-04:00,101544.75,52797.75,0.0,0.0,0.0,False,margin,0.0,0.0,0.0,0,0,,,"[{'asset': {'symbol': 'NQ=F', 'type': 'stock'}, 'quantity': 2.0}]",0.0,0.0,0.0,0.0,0.0,0.0,-0.0009150143524428669,101544.7500000001
2026-03-27 09:30:00-04:00,101544.75,52797.75,0.0,0.0,0.0,False,margin,0.0,0.0,0.0,0,0,,,"[{'asset': {'symbol': 'NQ=F', 'type': 'stock'}, 'quantity': 2.0}]",0.0,0.0,0.0,0.0,0.0,0.0,0.0,101544.7500000001
2026-03-27 09:30:00-04:00,101544.75,52797.75,0.0,0.0,0.0,False,margin,0.0,0.0,0.0,0,0,,,"[{'asset': {'symbol': 'NQ=F', 'type': 'stock'}, 'quantity': 2.0}]",0.0,0.0,0.0,0.0,0.0,0.0,0.0,101544.7500000001
2026-03-27 16:00:00-04:00,101544.75,52797.75,0.0,0.0,0.0,False,margin,0.0,0.0,0.0,0,0,,,"[{'asset': {'symbol': 'NQ=F', 'type': 'stock'}, 'quantity': 2.0}]",0.0,0.0,0.0,0.0,0.0,0.0,0.0,101544.7500000001
2026-03-30 08:30:00-04:00,100445.75,52797.75,0.0,0.0,0.0,False,margin,0.0,0.0,0.0,0,0,,,"[{'asset': {'symbol': 'NQ=F', 'type': 'stock'}, 'quantity': 2.0}]",0.0,0.0,0.0,0.0,0.0,0.0,-0.010822814571900565,100445.75000000009
2026-03-30 09:30:00-04:00,100445.75,52797.75,0.0,0.0,0.0,False,margin,0.0,0.0,0.0,0,0,,,"[{'asset': {'symbol': 'NQ=F', 'type': 'stock'}, 'quantity': 2.0}]",0.0,0.0,0.0,0.0,0.0,0.0,0.0,100445.75000000009
2026-03-30 09:30:00-04:00,100445.75,52797.75,0.0,0.0,0.0,False,margin,0.0,0.0,0.0,0,0,,,"[{'asset': {'symbol': 'NQ=F', 'type': 'stock'}, 'quantity': 2.0}]",0.0,0.0,0.0,0.0,0.0,0.0,0.0,100445.75000000009
2026-03-30 16:00:00-04:00,100445.75,52797.75,0.0,0.0,0.0,False,margin,0.0,0.0,0.0,0,0,,,"[{'asset': {'symbol': 'NQ=F', 'type': 'stock'}, 'quantity': 2.0}]",0.0,0.0,0.0,0.0,0.0,0.0,0.0,100445.75000000009
2026-03-31 08:30:00-04:00,99176.75,52797.75,0.0,0.0,0.0,False,margin,0.0,0.0,0.0,0,0,,,"[{'asset': {'symbol': 'NQ=F', 'type': 'stock'}, 'quantity': 2.0}]",0.0,0.0,0.0,0.0,0.0,0.0,-0.012633685347563237,99176.75000000009
2026-03-31 09:30:00-04:00,99176.75,52797.75,0.0,0.0,0.0,False,margin,0.0,0.0,0.0,0,0,,,"[{'asset': {'symbol': 'NQ=F', 'type': 'stock'}, 'quantity': 2.0}]",0.0,0.0,0.0,0.0,0.0,0.0,0.0,99176.75000000009
2026-03-31 09:30:00-04:00,99176.75,52797.75,0.0,0.0,0.0,False,margin,0.0,0.0,0.0,0,0,,,"[{'asset': {'symbol': 'NQ=F', 'type': 'stock'}, 'quantity': 2.0}]",0.0,0.0,0.0,0.0,0.0,0.0,0.0,99176.75000000009
2026-03-31 16:00:00-04:00,99176.75,52797.75,0.0,0.0,0.0,False,margin,0.0,0.0,0.0,0,0,,,"[{'asset': {'symbol': 'NQ=F', 'type': 'stock'}, 'quantity': 2.0}]",0.0,0.0,0.0,0.0,0.0,0.0,0.0,99176.75000000009
2026-04-01 08:30:00-04:00,99036.75,52797.75,0.0,0.0,0.0,False,margin,0.0,0.0,0.0,0,0,,,"[{'asset': {'symbol': 'NQ=F', 'type': 'stock'}, 'quantity': 2.0}]",0.0,0.0,0.0,0.0,0.0,0.0,-0.001411621171292667,99036.75000000009
2026-04-01 09:30:00-04:00,99036.75,52797.75,0.0,0.0,0.0,False,margin,0.0,0.0,0.0,0,0,,,"[{'asset': {'symbol': 'NQ=F', 'type': 'stock'}, 'quantity': 2.0}]",0.0,0.0,0.0,0.0,0.0,0.0,0.0,99036.75000000009
2026-04-01 09:30:00-04:00,99036.75,52797.75,0.0,0.0,0.0,False,margin,0.0,0.0,0.0,0,0,,,"[{'asset': {'symbol': 'NQ=F', 'type': 'stock'}, 'quantity': 2.0}]",0.0,0.0,0.0,0.0,0.0,0.0,0.0,99036.75000000009
2026-04-01 16:00:00-04:00,100575.75,100575.75,0.0,0.0,0.0,False,margin,0.0,0.0,0.0,0,0,,,[],0.0,0.0,0.0,0.0,0.0,0.0,0.015539686025641996,100575.7500000001
2026-04-02 08:30:00-04:00,100575.75,100575.75,0.0,0.0,0.0,False,margin,0.0,0.0,0.0,0,0,,,[],0.0,0.0,0.0,0.0,0.0,0.0,0.0,100575.7500000001
2026-04-02 09:30:00-04:00,100575.75,100575.75,0.0,0.0,0.0,False,margin,0.0,0.0,0.0,0,0,,,[],0.0,0.0,0.0,0.0,0.0,0.0,0.0,100575.7500000001
2026-04-02 09:30:00-04:00,100575.75,100575.75,0.0,0.0,0.0,False,margin,0.0,0.0,0.0,0,0,,,[],0.0,0.0,0.0,0.0,0.0,0.0,0.0,100575.7500000001
2026-04-02 16:00:00-04:00,100575.75,100575.75,0.0,0.0,0.0,False,margin,0.0,0.0,0.0,0,0,,,[],0.0,0.0,0.0,0.0,0.0,0.0,0.0,100575.7500000001
2026-04-06 08:30:00-04:00,100575.75,100575.75,0.0,0.0,0.0,False,margin,0.0,0.0,0.0,0,0,,,[],0.0,0.0,0.0,0.0,0.0,0.0,0.0,100575.7500000001
2026-04-06 09:30:00-04:00,100575.75,100575.75,0.0,0.0,0.0,False,margin,0.0,0.0,0.0,0,0,,,[],0.0,0.0,0.0,0.0,0.0,0.0,0.0,100575.7500000001
2026-04-06 09:30:00-04:00,100575.75,100575.75,0.0,0.0,0.0,False,margin,0.0,0.0,0.0,0,0,,,[],0.0,0.0,0.0,0.0,0.0,0.0,0.0,100575.7500000001
2026-04-06 16:00:00-04:00,100575.75,100575.75,0.0,0.0,0.0,False,margin,0.0,0.0,0.0,0,0,,,[],0.0,0.0,0.0,0.0,0.0,0.0,0.0,100575.7500000001
2026-04-07 08:30:00-04:00,100575.75,100575.75,0.0,0.0,0.0,False,margin,0.0,0.0,0.0,0,0,,,[],0.0,0.0,0.0,0.0,0.0,0.0,0.0,100575.7500000001
2026-04-07 09:30:00-04:00,100575.75,100575.75,0.0,0.0,0.0,False,margin,0.0,0.0,0.0,0,0,,,[],0.0,0.0,0.0,0.0,0.0,0.0,0.0,100575.7500000001
2026-04-07 09:30:00-04:00,100575.75,100575.75,0.0,0.0,0.0,False,margin,0.0,0.0,0.0,0,0,,,[],0.0,0.0,0.0,0.0,0.0,0.0,0.0,100575.7500000001
2026-04-07 16:00:00-04:00,100575.75,100575.75,0.0,0.0,0.0,False,margin,0.0,0.0,0.0,0,0,,,[],0.0,0.0,0.0,0.0,0.0,0.0,0.0,100575.7500000001
2026-04-08 08:30:00-04:00,100575.75,100575.75,0.0,0.0,0.0,False,margin,0.0,0.0,0.0,0,0,,,[],0.0,0.0,0.0,0.0,0.0,0.0,0.0,100575.7500000001
2026-04-08 09:30:00-04:00,100575.75,100575.75,0.0,0.0,0.0,False,margin,0.0,0.0,0.0,0,0,,,[],0.0,0.0,0.0,0.0,0.0,0.0,0.0,100575.7500000001
2026-04-08 09:30:00-04:00,100575.75,100575.75,0.0,0.0,0.0,False,margin,0.0,0.0,0.0,0,0,,,[],0.0,0.0,0.0,0.0,0.0,0.0,0.0,100575.7500000001
2026-04-08 16:00:00-04:00,100575.75,100575.75,0.0,0.0,0.0,False,margin,0.0,0.0,0.0,0,0,,,[],0.0,0.0,0.0,0.0,0.0,0.0,0.0,100575.7500000001
2026-04-09 08:30:00-04:00,100575.75,100575.75,0.0,0.0,0.0,False,margin,0.0,0.0,0.0,0,0,,,[],0.0,0.0,0.0,0.0,0.0,0.0,0.0,100575.7500000001
2026-04-09 09:30:00-04:00,100575.75,100575.75,0.0,0.0,0.0,False,margin,0.0,0.0,0.0,0,0,,,[],0.0,0.0,0.0,0.0,0.0,0.0,0.0,100575.7500000001
2026-04-09 09:30:00-04:00,100575.75,100575.75,0.0,0.0,0.0,False,margin,0.0,0.0,0.0,0,0,,,[],0.0,0.0,0.0,0.0,0.0,0.0,0.0,100575.7500000001
2026-04-09 16:00:00-04:00,100575.75,100575.75,0.0,0.0,0.0,False,margin,0.0,0.0,0.0,0,0,,,[],0.0,0.0,0.0,0.0,0.0,0.0,0.0,100575.7500000001
2026-04-10 08:30:00-04:00,100575.75,100575.75,0.0,0.0,0.0,False,margin,0.0,0.0,0.0,0,0,,,[],0.0,0.0,0.0,0.0,0.0,0.0,0.0,100575.7500000001
2026-04-10 09:30:00-04:00,100575.75,100575.75,0.0,0.0,0.0,False,margin,0.0,0.0,0.0,0,0,,,[],0.0,0.0,0.0,0.0,0.0,0.0,0.0,100575.7500000001
2026-04-10 09:30:00-04:00,100575.75,100575.75,0.0,0.0,0.0,False,margin,0.0,0.0,0.0,0,0,,,[],0.0,0.0,0.0,0.0,0.0,0.0,0.0,100575.7500000001
2026-04-10 16:00:00-04:00,100575.75,100575.75,0.0,0.0,0.0,False,margin,0.0,0.0,0.0,0,0,,,[],0.0,0.0,0.0,0.0,0.0,0.0,0.0,100575.7500000001
2026-04-13 08:30:00-04:00,100575.75,100575.75,0.0,0.0,0.0,False,margin,0.0,0.0,0.0,0,0,,,[],0.0,0.0,0.0,0.0,0.0,0.0,0.0,100575.7500000001
2026-04-13 09:30:00-04:00,100575.75,100575.75,0.0,0.0,0.0,False,margin,0.0,0.0,0.0,0,0,,,[],0.0,0.0,0.0,0.0,0.0,0.0,0.0,100575.7500000001
2026-04-13 09:30:00-04:00,100575.75,100575.75,0.0,0.0,0.0,False,margin,0.0,0.0,0.0,0,0,,,[],0.0,0.0,0.0,0.0,0.0,0.0,0.0,100575.7500000001
2026-04-13 16:00:00-04:00,100575.75,100575.75,0.0,0.0,0.0,False,margin,0.0,0.0,0.0,0,0,,,[],0.0,0.0,0.0,0.0,0.0,0.0,0.0,100575.7500000001
2026-04-14 08:30:00-04:00,100575.75,100575.75,0.0,0.0,0.0,False,margin,0.0,0.0,0.0,0,0,,,[],0.0,0.0,0.0,0.0,0.0,0.0,0.0,100575.7500000001
2026-04-14 09:30:00-04:00,100575.75,100575.75,0.0,0.0,0.0,False,margin,0.0,0.0,0.0,0,0,,,[],0.0,0.0,0.0,0.0,0.0,0.0,0.0,100575.7500000001
2026-04-14 09:30:00-04:00,100575.75,100575.75,0.0,0.0,0.0,False,margin,0.0,0.0,0.0,0,0,,,[],0.0,0.0,0.0,0.0,0.0,0.0,0.0,100575.7500000001
2026-04-14 16:00:00-04:00,100575.75,100575.75,0.0,0.0,0.0,False,margin,0.0,0.0,0.0,0,0,,,[],0.0,0.0,0.0,0.0,0.0,0.0,0.0,100575.7500000001
2026-04-15 08:30:00-04:00,100575.75,100575.75,0.0,0.0,0.0,False,margin,0.0,0.0,0.0,0,0,,,[],0.0,0.0,0.0,0.0,0.0,0.0,0.0,100575.7500000001
2026-04-15 09:30:00-04:00,100575.75,100575.75,0.0,0.0,0.0,False,margin,0.0,0.0,0.0,0,0,,,[],0.0,0.0,0.0,0.0,0.0,0.0,0.0,100575.7500000001
2026-04-15 09:30:00-04:00,100575.75,100575.75,0.0,0.0,0.0,False,margin,0.0,0.0,0.0,0,0,,,[],0.0,0.0,0.0,0.0,0.0,0.0,0.0,100575.7500000001
2026-04-15 16:00:00-04:00,100575.75,100575.75,0.0,0.0,0.0,False,margin,0.0,0.0,0.0,0,0,,,[],0.0,0.0,0.0,0.0,0.0,0.0,0.0,100575.7500000001
2026-04-16 08:30:00-04:00,100575.75,100575.75,0.0,0.0,0.0,False,margin,0.0,0.0,0.0,0,0,,,[],0.0,0.0,0.0,0.0,0.0,0.0,0.0,100575.7500000001
2026-04-16 09:30:00-04:00,100575.75,100575.75,0.0,0.0,0.0,False,margin,0.0,0.0,0.0,0,0,,,[],0.0,0.0,0.0,0.0,0.0,0.0,0.0,100575.7500000001
2026-04-16 09:30:00-04:00,100575.75,100575.75,0.0,0.0,0.0,False,margin,0.0,0.0,0.0,0,0,,,[],0.0,0.0,0.0,0.0,0.0,0.0,0.0,100575.7500000001
2026-04-16 16:00:00-04:00,100575.75,100575.75,0.0,0.0,0.0,False,margin,0.0,0.0,0.0,0,0,,,[],0.0,0.0,0.0,0.0,0.0,0.0,0.0,100575.7500000001
2026-04-17 08:30:00-04:00,100575.75,100575.75,0.0,0.0,0.0,False,margin,0.0,0.0,0.0,0,0,,,[],0.0,0.0,0.0,0.0,0.0,0.0,0.0,100575.7500000001
2026-04-17 09:30:00-04:00,100575.75,100575.75,0.0,0.0,0.0,False,margin,0.0,0.0,0.0,0,0,,,[],0.0,0.0,0.0,0.0,0.0,0.0,0.0,100575.7500000001
2026-04-17 09:30:00-04:00,100575.75,100575.75,0.0,0.0,0.0,False,margin,0.0,0.0,0.0,0,0,,,[],0.0,0.0,0.0,0.0,0.0,0.0,0.0,100575.7500000001
2026-04-17 16:00:00-04:00,100575.75,100575.75,0.0,0.0,0.0,False,margin,0.0,0.0,0.0,0,0,,,[],0.0,0.0,0.0,0.0,0.0,0.0,0.0,100575.7500000001
2026-04-20 08:30:00-04:00,100575.75,100575.75,0.0,0.0,0.0,False,margin,0.0,0.0,0.0,0,0,,,[],0.0,0.0,0.0,0.0,0.0,0.0,0.0,100575.7500000001
2026-04-20 09:30:00-04:00,100575.75,100575.75,0.0,0.0,0.0,False,margin,0.0,0.0,0.0,0,0,,,[],0.0,0.0,0.0,0.0,0.0,0.0,0.0,100575.7500000001
2026-04-20 09:30:00-04:00,100575.75,100575.75,0.0,0.0,0.0,False,margin,0.0,0.0,0.0,0,0,,,[],0.0,0.0,0.0,0.0,0.0,0.0,0.0,100575.7500000001
2026-04-20 16:00:00-04:00,100575.75,100575.75,0.0,0.0,0.0,False,margin,0.0,0.0,0.0,0,0,,,[],0.0,0.0,0.0,0.0,0.0,0.0,0.0,100575.7500000001
2026-04-21 08:30:00-04:00,100575.75,100575.75,0.0,0.0,0.0,False,margin,0.0,0.0,0.0,0,0,,,[],0.0,0.0,0.0,0.0,0.0,0.0,0.0,100575.7500000001
2026-04-21 09:30:00-04:00,100575.75,100575.75,0.0,0.0,0.0,False,margin,0.0,0.0,0.0,0,0,,,[],0.0,0.0,0.0,0.0,0.0,0.0,0.0,100575.7500000001
2026-04-21 09:30:00-04:00,100575.75,100575.75,0.0,0.0,0.0,False,margin,0.0,0.0,0.0,0,0,,,[],0.0,0.0,0.0,0.0,0.0,0.0,0.0,100575.7500000001
2026-04-21 16:00:00-04:00,100575.75,100575.75,0.0,0.0,0.0,False,margin,0.0,0.0,0.0,0,0,,,[],0.0,0.0,0.0,0.0,0.0,0.0,0.0,100575.7500000001
2026-04-22 08:30:00-04:00,100575.75,100575.75,0.0,0.0,0.0,False,margin,0.0,0.0,0.0,0,0,,,[],0.0,0.0,0.0,0.0,0.0,0.0,0.0,100575.7500000001
2026-04-22 09:30:00-04:00,100575.75,100575.75,0.0,0.0,0.0,False,margin,0.0,0.0,0.0,0,0,,,[],0.0,0.0,0.0,0.0,0.0,0.0,0.0,100575.7500000001
2026-04-22 09:30:00-04:00,100575.75,100575.75,0.0,0.0,0.0,False,margin,0.0,0.0,0.0,0,0,,,[],0.0,0.0,0.0,0.0,0.0,0.0,0.0,100575.7500000001
2026-04-22 16:00:00-04:00,100575.75,100575.75,0.0,0.0,0.0,False,margin,0.0,0.0,0.0,0,0,,,[],0.0,0.0,0.0,0.0,0.0,0.0,0.0,100575.7500000001
2026-04-23 08:30:00-04:00,100575.75,100575.75,0.0,0.0,0.0,False,margin,0.0,0.0,0.0,0,0,,,[],0.0,0.0,0.0,0.0,0.0,0.0,0.0,100575.7500000001
2026-04-23 09:30:00-04:00,100575.75,100575.75,0.0,0.0,0.0,False,margin,0.0,0.0,0.0,0,0,,,[],0.0,0.0,0.0,0.0,0.0,0.0,0.0,100575.7500000001
2026-04-23 09:30:00-04:00,100575.75,100575.75,0.0,0.0,0.0,False,margin,0.0,0.0,0.0,0,0,,,[],0.0,0.0,0.0,0.0,0.0,0.0,0.0,100575.7500000001
2026-04-23 16:00:00-04:00,100575.75,100575.75,0.0,0.0,0.0,False,margin,0.0,0.0,0.0,0,0,,,[],0.0,0.0,0.0,0.0,0.0,0.0,0.0,100575.7500000001
2026-04-24 08:30:00-04:00,100575.75,100575.75,0.0,0.0,0.0,False,margin,0.0,0.0,0.0,0,0,,,[],0.0,0.0,0.0,0.0,0.0,0.0,0.0,100575.7500000001
2026-04-24 09:30:00-04:00,100575.75,100575.75,0.0,0.0,0.0,False,margin,0.0,0.0,0.0,0,0,,,[],0.0,0.0,0.0,0.0,0.0,0.0,0.0,100575.7500000001
2026-04-24 09:30:00-04:00,100575.75,100575.75,0.0,0.0,0.0,False,margin,0.0,0.0,0.0,0,0,,,[],0.0,0.0,0.0,0.0,0.0,0.0,0.0,100575.7500000001
2026-04-24 16:00:00-04:00,100575.75,100575.75,0.0,0.0,0.0,False,margin,0.0,0.0,0.0,0,0,,,[],0.0,0.0,0.0,0.0,0.0,0.0,0.0,100575.7500000001
2026-04-27 08:30:00-04:00,100575.75,100575.75,0.0,0.0,0.0,False,margin,0.0,0.0,0.0,0,0,,,[],0.0,0.0,0.0,0.0,0.0,0.0,0.0,100575.7500000001
2026-04-27 09:30:00-04:00,100575.75,100575.75,0.0,0.0,0.0,False,margin,0.0,0.0,0.0,0,0,,,[],0.0,0.0,0.0,0.0,0.0,0.0,0.0,100575.7500000001
2026-04-27 09:30:00-04:00,100575.75,100575.75,0.0,0.0,0.0,False,margin,0.0,0.0,0.0,0,0,,,[],0.0,0.0,0.0,0.0,0.0,0.0,0.0,100575.7500000001
2026-04-27 16:00:00-04:00,100575.75,100575.75,0.0,0.0,0.0,False,margin,0.0,0.0,0.0,0,0,,,[],0.0,0.0,0.0,0.0,0.0,0.0,0.0,100575.7500000001
2026-04-28 08:30:00-04:00,100575.75,100575.75,0.0,0.0,0.0,False,margin,0.0,0.0,0.0,0,0,,,[],0.0,0.0,0.0,0.0,0.0,0.0,0.0,100575.7500000001
2026-04-28 09:30:00-04:00,100575.75,100575.75,0.0,0.0,0.0,False,margin,0.0,0.0,0.0,0,0,,,[],0.0,0.0,0.0,0.0,0.0,0.0,0.0,100575.7500000001
2026-04-28 09:30:00-04:00,100575.75,100575.75,0.0,0.0,0.0,False,margin,0.0,0.0,0.0,0,0,,,[],0.0,0.0,0.0,0.0,0.0,0.0,0.0,100575.7500000001
2026-04-28 16:00:00-04:00,100575.75,100575.75,0.0,0.0,0.0,False,margin,0.0,0.0,0.0,0,0,,,[],0.0,0.0,0.0,0.0,0.0,0.0,0.0,100575.7500000001
2026-04-29 08:30:00-04:00,100575.75,100575.75,0.0,0.0,0.0,False,margin,0.0,0.0,0.0,0,0,,,[],0.0,0.0,0.0,0.0,0.0,0.0,0.0,100575.7500000001
2026-04-29 09:30:00-04:00,100575.75,100575.75,0.0,0.0,0.0,False,margin,0.0,0.0,0.0,0,0,,,[],0.0,0.0,0.0,0.0,0.0,0.0,0.0,100575.7500000001
2026-04-29 09:30:00-04:00,100575.75,100575.75,0.0,0.0,0.0,False,margin,0.0,0.0,0.0,0,0,,,[],0.0,0.0,0.0,0.0,0.0,0.0,0.0,100575.7500000001
2026-04-29 16:00:00-04:00,100575.75,100575.75,0.0,0.0,0.0,False,margin,0.0,0.0,0.0,0,0,,,[],0.0,0.0,0.0,0.0,0.0,0.0,0.0,100575.7500000001
2026-04-30 08:30:00-04:00,100575.75,100575.75,0.0,0.0,0.0,False,margin,0.0,0.0,0.0,0,0,,,[],0.0,0.0,0.0,0.0,0.0,0.0,0.0,100575.7500000001
2026-04-30 09:30:00-04:00,100575.75,100575.75,0.0,0.0,0.0,False,margin,0.0,0.0,0.0,0,0,,,[],0.0,0.0,0.0,0.0,0.0,0.0,0.0,100575.7500000001
2026-04-30 09:30:00-04:00,100575.75,100575.75,0.0,0.0,0.0,False,margin,0.0,0.0,0.0,0,0,,,[],0.0,0.0,0.0,0.0,0.0,0.0,0.0,100575.7500000001
2026-04-30 16:00:00-04:00,100575.75,100575.75,0.0,0.0,0.0,False,margin,0.0,0.0,0.0,0,0,,,[],0.0,0.0,0.0,0.0,0.0,0.0,0.0,100575.7500000001
2026-05-01 08:30:00-04:00,100575.75,100575.75,0.0,0.0,0.0,False,margin,0.0,0.0,0.0,0,0,,,[],0.0,0.0,0.0,0.0,0.0,0.0,0.0,100575.7500000001
2026-05-01 09:30:00-04:00,100575.75,100575.75,0.0,0.0,0.0,False,margin,0.0,0.0,0.0,0,0,,,[],0.0,0.0,0.0,0.0,0.0,0.0,0.0,100575.7500000001
2026-05-01 09:30:00-04:00,100575.75,100575.75,0.0,0.0,0.0,False,margin,0.0,0.0,0.0,0,0,,,[],0.0,0.0,0.0,0.0,0.0,0.0,0.0,100575.7500000001
2026-05-01 16:00:00-04:00,100575.75,100575.75,0.0,0.0,0.0,False,margin,0.0,0.0,0.0,0,0,,,[],0.0,0.0,0.0,0.0,0.0,0.0,0.0,100575.7500000001
2026-05-04 08:30:00-04:00,100575.75,100575.75,0.0,0.0,0.0,False,margin,0.0,0.0,0.0,0,0,,,[],0.0,0.0,0.0,0.0,0.0,0.0,0.0,100575.7500000001
2026-05-04 09:30:00-04:00,100575.75,100575.75,0.0,0.0,0.0,False,margin,0.0,0.0,0.0,0,0,,,[],0.0,0.0,0.0,0.0,0.0,0.0,0.0,100575.7500000001
2026-05-04 09:30:00-04:00,100575.75,100575.75,0.0,0.0,0.0,False,margin,0.0,0.0,0.0,0,0,,,[],0.0,0.0,0.0,0.0,0.0,0.0,0.0,100575.7500000001
2026-05-04 16:00:00-04:00,100575.75,100575.75,0.0,0.0,0.0,False,margin,0.0,0.0,0.0,0,0,,,[],0.0,0.0,0.0,0.0,0.0,0.0,0.0,100575.7500000001
