trades,win_rate,total_pts,total_usd,avg_pts,entry,exit
38,78.94736842105263,51470.25,1029405.0,1354.4802631578948,0.35,0.95
38,78.94736842105263,49977.0,999540.0,1315.1842105263158,0.33,0.95
38,78.94736842105263,49451.75,989035.0,1301.3618421052631,0.34,0.95
37,78.37837837837837,47765.25,955305.0,1290.9527027027027,0.32,0.95
37,78.37837837837837,45384.25,907685.0,1226.6013513513512,0.31,0.95
43,79.06976744186046,44491.25,889825.0,1034.6802325581396,0.35,0.94
43,79.06976744186046,44114.5,882290.0,1025.9186046511627,0.33,0.94
43,79.06976744186046,42472.75,849455.0,987.7383720930233,0.34,0.94
42,78.57142857142857,41902.75,838055.0,997.6845238095239,0.32,0.94
35,77.14285714285715,41702.25,834045.0,1191.4928571428572,0.29,0.95
35,77.14285714285715,41139.0,822780.0,1175.4,0.3,0.95
42,78.57142857142857,39521.75,790435.0,940.9940476190476,0.31,0.94
35,77.14285714285715,39218.5,784370.0,1120.5285714285715,0.28,0.95
35,77.14285714285715,38356.75,767135.0,1095.9071428571428,0.27,0.95
35,77.14285714285715,38304.75,766095.0,1094.4214285714286,0.26,0.95
35,77.14285714285715,37680.25,753605.0,1076.5785714285714,0.25,0.95
62,83.87096774193549,36589.0,731780.0,590.1451612903226,0.35,0.9
40,77.5,36284.25,725685.0,907.10625,0.29,0.94
59,84.7457627118644,36012.25,720245.0,610.3771186440678,0.32,0.9
60,85.0,35991.25,719825.0,599.8541666666666,0.33,0.9
35,77.14285714285715,35983.5,719670.0,1028.1,0.24,0.95
40,77.5,35721.0,714420.0,893.025,0.3,0.94
61,83.60655737704919,35418.0,708360.0,580.6229508196722,0.34,0.9
55,83.63636363636363,35329.75,706595.0,642.3590909090909,0.35,0.92
35,80.0,35125.5,702510.0,1003.5857142857143,0.22,0.95
59,84.7457627118644,35063.25,701265.0,594.292372881356,0.35,0.91
55,85.45454545454545,35055.0,701100.0,637.3636363636364,0.33,0.92
64,84.375,34992.5,699850.0,546.7578125,0.35,0.89
35,77.14285714285715,34849.5,696990.0,995.7,0.23,0.95
54,85.18518518518519,34792.0,695840.0,644.2962962962963,0.32,0.92
59,84.7457627118644,34652.75,693055.0,587.3347457627119,0.31,0.9
57,85.96491228070175,34486.5,689730.0,605.0263157894736,0.32,0.91
58,86.20689655172413,34465.5,689310.0,594.2327586206897,0.33,0.91
72,81.94444444444444,34460.5,689210.0,478.61805555555554,0.35,0.88
62,85.48387096774194,34394.75,687895.0,554.7540322580645,0.33,0.89
61,85.24590163934425,34351.0,687020.0,563.1311475409836,0.32,0.89
58,84.48275862068965,33892.25,677845.0,584.3491379310345,0.34,0.91
69,82.6086956521739,33862.75,677255.0,490.7644927536232,0.33,0.88
63,84.12698412698413,33821.5,676430.0,536.8492063492064,0.34,0.89
68,82.35294117647058,33819.0,676380.0,497.3382352941176,0.32,0.88
40,77.5,33800.5,676010.0,845.0125,0.28,0.94
40,77.5,33779.5,675590.0,844.4875,0.26,0.94
55,83.63636363636363,33656.75,673135.0,611.9409090909091,0.34,0.92
40,77.5,33499.75,669995.0,837.49375,0.27,0.94
71,81.69014084507043,33289.5,665790.0,468.86619718309856,0.34,0.88
40,77.5,33155.0,663100.0,828.875,0.25,0.94
57,85.96491228070175,33127.0,662540.0,581.1754385964912,0.31,0.91
61,85.24590163934425,32991.5,659830.0,540.844262295082,0.31,0.89
54,85.18518518518519,32930.5,658610.0,609.824074074074,0.31,0.92
35,80.0,32807.25,656145.0,937.35,0.21,0.95
35,80.0,32759.5,655190.0,935.9857142857143,0.2,0.95
68,82.35294117647058,32459.5,649190.0,477.34558823529414,0.31,0.88
57,85.96491228070175,31944.5,638890.0,560.4298245614035,0.29,0.9
34,79.41176470588235,31570.25,631405.0,928.5367647058823,0.19,0.95
52,84.61538461538461,31498.0,629960.0,605.7307692307693,0.29,0.92
57,84.21052631578947,31478.5,629570.0,552.2543859649123,0.3,0.9
40,77.5,31461.0,629220.0,786.525,0.24,0.94
55,85.45454545454545,31371.5,627430.0,570.3909090909091,0.29,0.91
56,85.71428571428571,30644.0,612880.0,547.2142857142857,0.28,0.9
39,79.48717948717949,30614.0,612280.0,784.974358974359,0.22,0.94
40,77.5,30472.25,609445.0,761.80625,0.23,0.94
56,83.92857142857143,30450.25,609005.0,543.7544642857143,0.26,0.9
87,80.45977011494253,30400.0,608000.0,349.42528735632186,0.35,0.83
59,86.4406779661017,30283.25,605665.0,513.2754237288135,0.29,0.89
56,85.71428571428571,30170.5,603410.0,538.7589285714286,0.27,0.9
75,81.33333333333333,30074.0,601480.0,400.9866666666667,0.35,0.87
54,85.18518518518519,30071.0,601420.0,556.8703703703703,0.28,0.91
55,85.45454545454545,29952.75,599055.0,544.5954545454546,0.3,0.91
56,83.92857142857143,29950.25,599005.0,534.8258928571429,0.25,0.9
54,83.33333333333334,29877.25,597545.0,553.2824074074074,0.26,0.91
59,84.7457627118644,29817.25,596345.0,505.3771186440678,0.3,0.89
71,81.69014084507043,29740.0,594800.0,418.8732394366197,0.32,0.87
96,80.20833333333334,29697.25,593945.0,309.3463541666667,0.35,0.77
54,85.18518518518519,29597.5,591950.0,548.1018518518518,0.27,0.91
65,83.07692307692308,29571.75,591435.0,454.95,0.29,0.88
52,84.61538461538461,29484.25,589685.0,567.0048076923077,0.28,0.92
72,81.94444444444444,29476.25,589525.0,409.3923611111111,0.33,0.87
88,79.54545454545455,29464.0,589280.0,334.8181818181818,0.35,0.82
54,83.33333333333334,29377.25,587545.0,544.0231481481482,0.25,0.91
89,79.7752808988764,29326.5,586530.0,329.5112359550562,0.35,0.81
56,83.92857142857143,29300.0,586000.0,523.2142857142857,0.24,0.9
52,82.6923076923077,29290.5,585810.0,563.2788461538462,0.26,0.92
66,81.81818181818183,29285.25,585705.0,443.71590909090907,0.3,0.88
81,81.48148148148148,29274.5,585490.0,361.41358024691357,0.35,0.85
52,84.61538461538461,29254.25,585085.0,562.5817307692307,0.3,0.92
86,80.23255813953489,29229.0,584580.0,339.8720930232558,0.34,0.83
83,79.51807228915662,29209.0,584180.0,351.9156626506024,0.32,0.83
58,84.48275862068965,29041.75,580835.0,500.7198275862069,0.26,0.89
52,84.61538461538461,29010.75,580215.0,557.8990384615385,0.27,0.92
58,86.20689655172413,28982.75,579655.0,499.70258620689657,0.28,0.89
85,82.35294117647058,28954.25,579085.0,340.63823529411764,0.35,0.84
74,81.08108108108108,28903.0,578060.0,390.5810810810811,0.34,0.87
39,79.48717948717949,28854.0,577080.0,739.8461538461538,0.21,0.94
39,79.48717948717949,28806.25,576125.0,738.6217948717949,0.2,0.94
52,82.6923076923077,28790.5,575810.0,553.6634615384615,0.25,0.92
58,86.20689655172413,28762.0,575240.0,495.8965517241379,0.27,0.89
34,79.41176470588235,28746.75,574935.0,845.4926470588235,0.18,0.95
54,83.33333333333334,28727.0,574540.0,531.9814814814815,0.24,0.91
84,79.76190476190477,28589.5,571790.0,340.3511904761905,0.33,0.83
64,81.25,28581.5,571630.0,446.5859375,0.26,0.88
92,79.34782608695652,28560.75,571215.0,310.4429347826087,0.32,0.77
58,84.48275862068965,28541.75,570835.0,492.0991379310345,0.25,0.89
95,80.0,28526.25,570525.0,300.2763157894737,0.34,0.77
64,81.25,28434.5,568690.0,444.2890625,0.25,0.88
71,81.69014084507043,28380.5,567610.0,399.72535211267603,0.31,0.87
64,82.8125,28301.75,566035.0,442.21484375,0.27,0.88
87,79.3103448275862,28293.0,565860.0,325.2068965517241,0.34,0.82
84,78.57142857142857,28273.0,565460.0,336.5833333333333,0.32,0.82
64,82.8125,28271.25,565425.0,441.73828125,0.28,0.88
56,83.92857142857143,28240.5,564810.0,504.29464285714283,0.23,0.9
88,79.54545454545455,28155.5,563110.0,319.9488636363636,0.34,0.81
52,82.6923076923077,28140.25,562805.0,541.1586538461538,0.24,0.92
85,78.82352941176471,28135.5,562710.0,331.00588235294117,0.32,0.81
80,81.25,28103.5,562070.0,351.29375,0.34,0.85
77,81.81818181818183,28070.75,561415.0,364.5551948051948,0.32,0.85
93,79.56989247311827,27941.25,558825.0,300.44354838709677,0.33,0.77
58,84.48275862068965,27891.5,557830.0,480.88793103448273,0.24,0.89
82,79.26829268292683,27849.5,556990.0,339.6280487804878,0.31,0.83
78,82.05128205128204,27807.0,556140.0,356.5,0.33,0.85
64,81.25,27784.25,555685.0,434.12890625,0.24,0.88
84,82.14285714285714,27783.25,555665.0,330.7529761904762,0.34,0.84
81,81.48148148148148,27763.25,555265.0,342.7561728395062,0.32,0.84
37,78.37837837837837,27728.5,554570.0,749.418918918919,0.19,0.94
54,83.33333333333334,27667.5,553350.0,512.3611111111111,0.23,0.91
85,78.82352941176471,27653.5,553070.0,325.33529411764704,0.33,0.82
86,79.06976744186046,27516.0,550320.0,319.95348837209303,0.33,0.81
91,78.02197802197803,27331.25,546625.0,300.3434065934066,0.35,0.8
77,81.81818181818183,27228.75,544575.0,353.62012987012986,0.35,0.86
91,79.12087912087912,27201.25,544025.0,298.91483516483515,0.31,0.77
82,81.70731707317073,27143.75,542875.0,331.0213414634146,0.33,0.84
55,83.63636363636363,27087.0,541740.0,492.4909090909091,0.22,0.9
52,82.6923076923077,27080.75,541615.0,520.7836538461538,0.23,0.92
92,78.26086956521739,27066.75,541335.0,294.20380434782606,0.35,0.79
94,78.72340425531915,27010.75,540215.0,287.34840425531917,0.35,0.78
63,80.95238095238095,26954.0,539080.0,427.8412698412698,0.23,0.88
83,78.3132530120482,26913.5,538270.0,324.2590361445783,0.31,0.82
73,82.1917808219178,26894.75,537895.0,368.42123287671234,0.32,0.86
101,78.21782178217822,26871.75,537435.0,266.0569306930693,0.35,0.74
103,78.64077669902912,26865.5,537310.0,260.83009708737865,0.35,0.72
103,78.64077669902912,26865.5,537310.0,260.83009708737865,0.35,0.73
58,84.48275862068965,26832.0,536640.0,462.62068965517244,0.23,0.89
99,79.7979797979798,26820.0,536400.0,270.90909090909093,0.35,0.76
84,78.57142857142857,26776.0,535520.0,318.76190476190476,0.31,0.81
76,81.57894736842105,26711.25,534225.0,351.4638157894737,0.31,0.85
100,78.0,26687.75,533755.0,266.8775,0.34,0.74
102,78.43137254901961,26681.5,533630.0,261.5833333333333,0.34,0.73
102,78.43137254901961,26681.5,533630.0,261.5833333333333,0.34,0.72
97,78.35051546391753,26680.0,533600.0,275.0515463917526,0.32,0.74
99,78.78787878787878,26673.75,533475.0,269.4318181818182,0.32,0.73
99,78.78787878787878,26673.75,533475.0,269.4318181818182,0.32,0.72
98,79.59183673469387,26636.0,532720.0,271.7959183673469,0.34,0.76
74,82.43243243243244,26631.0,532620.0,359.8783783783784,0.33,0.86
95,80.0,26628.25,532565.0,280.2973684210526,0.32,0.76
53,83.01886792452831,26413.25,528265.0,498.3632075471698,0.22,0.91
80,81.25,26403.75,528075.0,330.046875,0.31,0.84
51,82.35294117647058,26370.0,527400.0,517.0588235294117,0.22,0.92
96,79.16666666666666,26307.5,526150.0,274.0364583333333,0.31,0.74
98,79.59183673469387,26301.25,526025.0,268.3801020408163,0.31,0.72
98,79.59183673469387,26301.25,526025.0,268.3801020408163,0.31,0.73
94,80.85106382978722,26255.75,525115.0,279.3164893617021,0.31,0.76
90,77.77777777777779,26160.25,523205.0,290.6694444444444,0.34,0.8
87,77.01149425287356,26140.25,522805.0,300.46264367816093,0.32,0.8
98,78.57142857142857,26060.5,521210.0,265.9234693877551,0.33,0.74
76,81.57894736842105,26057.75,521155.0,342.86513157894734,0.34,0.86
100,79.0,26054.25,521085.0,260.5425,0.33,0.73
100,79.0,26054.25,521085.0,260.5425,0.33,0.72
96,80.20833333333334,26008.75,520175.0,270.9244791666667,0.33,0.76
104,78.84615384615384,25997.75,519955.0,249.9783653846154,0.35,0.71
92,80.43478260869566,25995.0,519900.0,282.55434782608694,0.29,0.73
92,80.43478260869566,25995.0,519900.0,282.55434782608694,0.29,0.72
57,84.21052631578947,25931.25,518625.0,454.9342105263158,0.22,0.89
104,78.84615384615384,25923.75,518475.0,249.26682692307693,0.35,0.7
77,81.81818181818183,25900.0,518000.0,336.3636363636364,0.29,0.83
91,78.02197802197803,25895.75,517915.0,284.56868131868134,0.34,0.79
88,77.27272727272727,25875.75,517515.0,294.0426136363636,0.32,0.79
100,79.0,25861.75,517235.0,258.6175,0.35,0.75
93,78.49462365591397,25839.75,516795.0,277.8467741935484,0.34,0.78
60,81.66666666666667,25831.25,516625.0,430.5208333333333,0.22,0.88
90,77.77777777777779,25819.75,516395.0,286.8861111111111,0.32,0.78
34,76.47058823529412,25816.5,516330.0,759.3088235294117,0.17,0.95
103,78.64077669902912,25813.75,516275.0,250.61893203883494,0.34,0.71
100,79.0,25806.0,516120.0,258.06,0.32,0.71
103,78.64077669902912,25739.75,514795.0,249.9004854368932,0.34,0.7
100,79.0,25732.0,514640.0,257.32,0.32,0.7
99,78.78787878787878,25677.75,513555.0,259.3712121212121,0.34,0.75
88,80.68181818181817,25675.75,513515.0,291.7698863636364,0.27,0.73
88,80.68181818181817,25675.75,513515.0,291.7698863636364,0.27,0.72
90,81.11111111111111,25673.0,513460.0,285.25555555555553,0.29,0.74
96,79.16666666666666,25670.0,513400.0,267.3958333333333,0.32,0.75
88,82.95454545454545,25621.25,512425.0,291.1505681818182,0.29,0.76
68,82.35294117647058,25599.25,511985.0,376.4595588235294,0.29,0.87
85,81.17647058823529,25579.75,511595.0,300.93823529411765,0.29,0.77
73,82.1917808219178,25535.25,510705.0,349.79794520547944,0.31,0.86
88,77.27272727272727,25520.75,510415.0,290.00852272727275,0.33,0.8
93,78.49462365591397,25495.0,509900.0,274.13978494623655,0.3,0.72
93,78.49462365591397,25495.0,509900.0,274.13978494623655,0.3,0.73
78,78.2051282051282,25473.25,509465.0,326.58012820512823,0.3,0.83
99,79.7979797979798,25433.5,508670.0,256.9040404040404,0.31,0.71
66,80.3030303030303,25389.75,507795.0,384.6931818181818,0.26,0.87
66,80.3030303030303,25373.25,507465.0,384.4431818181818,0.24,0.87
90,80.0,25366.0,507320.0,281.84444444444443,0.28,0.72
90,80.0,25366.0,507320.0,281.84444444444443,0.28,0.73
99,79.7979797979798,25359.5,507190.0,256.15656565656565,0.31,0.7
86,81.3953488372093,25353.75,507075.0,294.8110465116279,0.27,0.74
69,81.15942028985508,25312.75,506255.0,366.8514492753623,0.3,0.87
84,83.33333333333334,25302.0,506040.0,301.2142857142857,0.27,0.76
95,80.0,25297.5,505950.0,266.2894736842105,0.31,0.75
74,82.43243243243244,25291.5,505830.0,341.77702702702703,0.27,0.83
82,81.70731707317073,25260.5,505210.0,308.0548780487805,0.27,0.77
89,77.52808988764045,25256.25,505125.0,283.7780898876405,0.33,0.79
91,78.02197802197803,25246.25,504925.0,277.43131868131866,0.3,0.74
66,80.3030303030303,25242.75,504855.0,382.46590909090907,0.25,0.87
91,78.02197802197803,25200.25,504005.0,276.9258241758242,0.33,0.78
89,79.7752808988764,25194.5,503890.0,283.0842696629214,0.3,0.76
101,79.20792079207921,25186.5,503730.0,249.37128712871288,0.33,0.71
86,77.90697674418605,25153.0,503060.0,292.4767441860465,0.3,0.77
101,79.20792079207921,25112.5,502250.0,248.63861386138615,0.33,0.7
66,81.81818181818183,25110.0,502200.0,380.45454545454544,0.27,0.87
97,79.38144329896907,25050.5,501010.0,258.2525773195876,0.33,0.75
93,80.64516129032258,25049.0,500980.0,269.3440860215054,0.29,0.71
88,80.68181818181817,25044.0,500880.0,284.59090909090907,0.28,0.74
86,82.55813953488372,24992.25,499845.0,290.6075581395349,0.28,0.76
75,81.33333333333333,24981.75,499635.0,333.09,0.28,0.83
93,80.64516129032258,24975.0,499500.0,268.5483870967742,0.29,0.7
78,80.76923076923077,24964.0,499280.0,320.05128205128204,0.29,0.82
83,80.72289156626506,24950.75,499015.0,300.6114457831325,0.28,0.77
73,82.1917808219178,24941.5,498830.0,341.66438356164383,0.24,0.83
37,78.37837837837837,24907.75,498155.0,673.1824324324324,0.18,0.94
79,81.0126582278481,24826.5,496530.0,314.25949367088606,0.29,0.81
86,76.74418604651163,24780.75,495615.0,288.1482558139535,0.31,0.8
52,82.6923076923077,24756.0,495120.0,476.0769230769231,0.21,0.9
89,80.89887640449437,24729.75,494595.0,277.8623595505618,0.27,0.71
69,82.6086956521739,24712.5,494250.0,358.1521739130435,0.24,0.85
52,82.6923076923077,24708.25,494165.0,475.15865384615387,0.2,0.9
89,82.02247191011236,24663.0,493260.0,277.1123595505618,0.29,0.75
89,80.89887640449437,24655.75,493115.0,277.0308988764045,0.27,0.7
94,78.72340425531915,24627.25,492545.0,261.9920212765957,0.3,0.71
73,82.1917808219178,24575.75,491515.0,336.65410958904107,0.26,0.83
84,79.76190476190477,24556.75,491135.0,292.3422619047619,0.26,0.73
84,79.76190476190477,24556.75,491135.0,292.3422619047619,0.26,0.72
94,78.72340425531915,24553.25,491065.0,261.20478723404256,0.3,0.7
65,80.0,24543.0,490860.0,377.5846153846154,0.23,0.87
79,77.21518987341773,24537.25,490745.0,310.5981012658228,0.3,0.82
87,77.01149425287356,24516.25,490325.0,281.79597701149424,0.31,0.79
89,77.52808988764045,24460.25,489205.0,274.8342696629214,0.31,0.78
73,82.1917808219178,24428.75,488575.0,334.6404109589041,0.25,0.83
91,80.21978021978022,24420.0,488400.0,268.35164835164835,0.28,0.71
84,79.76190476190477,24409.75,488195.0,290.5922619047619,0.25,0.73
84,79.76190476190477,24409.75,488195.0,290.5922619047619,0.25,0.72
80,77.5,24399.75,487995.0,304.996875,0.3,0.81
75,81.33333333333333,24355.5,487110.0,324.74,0.27,0.82
69,82.6086956521739,24346.75,486935.0,352.8514492753623,0.26,0.85
91,80.21978021978022,24346.0,486920.0,267.53846153846155,0.28,0.7
85,82.35294117647058,24343.75,486875.0,286.3970588235294,0.27,0.75
74,81.08108108108108,24309.75,486195.0,328.51013513513516,0.24,0.82
66,81.81818181818183,24298.75,485975.0,368.1628787878788,0.28,0.87
90,78.88888888888889,24236.25,484725.0,269.2916666666667,0.3,0.75
82,80.48780487804879,24234.75,484695.0,295.5457317073171,0.26,0.74
80,82.5,24224.5,484490.0,302.80625,0.24,0.76
76,81.57894736842105,24218.0,484360.0,318.6578947368421,0.27,0.81
33,75.75757575757575,24214.0,484280.0,733.7575757575758,0.16,0.95
69,82.6086956521739,24199.75,483995.0,350.7210144927536,0.25,0.85
78,80.76923076923077,24183.0,483660.0,310.03846153846155,0.24,0.77
80,82.5,24183.0,483660.0,302.2875,0.26,0.76
72,83.33333333333334,24177.75,483555.0,335.8020833333333,0.29,0.85
75,81.33333333333333,24172.25,483445.0,322.2966666666667,0.24,0.81
78,80.76923076923077,24141.5,482830.0,309.5064102564103,0.26,0.77
72,81.94444444444444,24111.25,482225.0,334.87847222222223,0.23,0.83
83,80.72289156626506,24096.75,481935.0,290.3222891566265,0.24,0.72
83,80.72289156626506,24096.75,481935.0,290.3222891566265,0.24,0.73
82,80.48780487804879,24087.75,481755.0,293.7530487804878,0.25,0.74
50,82.0,24082.25,481645.0,481.645,0.21,0.91
69,84.05797101449275,24067.0,481340.0,348.7971014492754,0.27,0.85
76,80.26315789473685,24045.75,480915.0,316.39144736842104,0.28,0.82
80,82.5,24036.0,480720.0,300.45,0.25,0.76
50,82.0,24034.5,480690.0,480.69,0.2,0.91
87,81.60919540229885,24034.0,480680.0,276.2528735632184,0.28,0.75
78,80.76923076923077,23994.5,479890.0,307.62179487179486,0.25,0.77
71,83.09859154929578,23933.0,478660.0,337.0845070422535,0.24,0.84
77,80.51948051948052,23908.25,478165.0,310.49675324675326,0.28,0.81
73,80.82191780821918,23891.25,477825.0,327.277397260274,0.3,0.85
68,82.35294117647058,23882.25,477645.0,351.2095588235294,0.23,0.85
75,82.66666666666667,23870.25,477405.0,318.27,0.29,0.84
54,83.33333333333334,23853.0,477060.0,441.72222222222223,0.21,0.89
54,83.33333333333334,23805.25,476105.0,440.837962962963,0.2,0.89
82,81.70731707317073,23774.75,475495.0,289.9359756097561,0.24,0.74
72,83.33333333333334,23759.5,475190.0,329.99305555555554,0.27,0.84
49,81.63265306122449,23757.5,475150.0,484.8469387755102,0.21,0.92
56,80.35714285714286,23719.75,474395.0,423.5669642857143,0.21,0.88
49,81.63265306122449,23709.75,474195.0,483.8724489795918,0.2,0.92
56,80.35714285714286,23672.0,473440.0,422.7142857142857,0.2,0.88
74,81.08108108108108,23639.75,472795.0,319.4560810810811,0.26,0.82
85,80.0,23610.75,472215.0,277.7735294117647,0.26,0.7
85,80.0,23610.75,472215.0,277.7735294117647,0.26,0.71
76,80.26315789473685,23583.75,471675.0,310.3125,0.3,0.84
71,83.09859154929578,23567.25,471345.0,331.9330985915493,0.26,0.84
67,80.59701492537313,23540.25,470805.0,351.3470149253731,0.24,0.86
84,80.95238095238095,23518.25,470365.0,279.9791666666667,0.24,0.7
84,80.95238095238095,23518.25,470365.0,279.9791666666667,0.24,0.71
75,81.33333333333333,23502.25,470045.0,313.36333333333334,0.26,0.81
74,81.08108108108108,23492.75,469855.0,317.4695945945946,0.25,0.82
73,80.82191780821918,23479.5,469590.0,321.63698630136986,0.23,0.82
85,80.0,23463.75,469275.0,276.04411764705884,0.25,0.7
85,80.0,23463.75,469275.0,276.04411764705884,0.25,0.71
62,80.64516129032258,23420.25,468405.0,377.7459677419355,0.22,0.87
71,83.09859154929578,23420.25,468405.0,329.86267605633805,0.25,0.84
79,82.27848101265823,23394.25,467885.0,296.12974683544303,0.23,0.76
75,81.33333333333333,23355.25,467105.0,311.4033333333333,0.25,0.81
77,80.51948051948052,23352.75,467055.0,303.28246753246754,0.23,0.77
74,81.08108108108108,23342.0,466840.0,315.43243243243245,0.23,0.81
81,81.48148148148148,23266.25,465325.0,287.23765432098764,0.24,0.75
82,80.48780487804879,23259.5,465190.0,283.6524390243902,0.23,0.73
70,82.85714285714286,23259.5,465190.0,332.2785714285714,0.28,0.85
82,80.48780487804879,23259.5,465190.0,283.6524390243902,0.23,0.72
81,81.48148148148148,23224.75,464495.0,286.7253086419753,0.26,0.75
67,80.59701492537313,23174.5,463490.0,345.8880597014925,0.26,0.86
69,82.6086956521739,23173.5,463470.0,335.8478260869565,0.22,0.83
70,82.85714285714286,23102.75,462055.0,330.0392857142857,0.23,0.84
50,80.0,23084.5,461690.0,461.69,0.35,0.93
81,81.48148148148148,23077.75,461555.0,284.9104938271605,0.25,0.75
67,80.59701492537313,23027.5,460550.0,343.6940298507463,0.25,0.86
69,82.6086956521739,23001.75,460035.0,333.35869565217394,0.29,0.86
50,80.0,22982.5,459650.0,459.65,0.33,0.93
73,82.1917808219178,22952.0,459040.0,314.4109589041096,0.28,0.84
81,81.48148148148148,22937.5,458750.0,283.179012345679,0.23,0.74
33,75.75757575757575,22917.5,458350.0,694.469696969697,0.15,0.95
67,82.08955223880598,22894.75,457895.0,341.71268656716416,0.27,0.86
69,81.15942028985508,22846.0,456920.0,331.1014492753623,0.22,0.82
81,79.01234567901234,22831.25,456625.0,281.86728395061726,0.29,0.8
50,82.0,22803.75,456075.0,456.075,0.19,0.9
75,84.0,22760.75,455215.0,303.4766666666667,0.22,0.76
65,83.07692307692308,22759.5,455190.0,350.1461538461538,0.22,0.85
49,79.59183673469387,22719.5,454390.0,463.66326530612247,0.32,0.93
73,82.1917808219178,22719.25,454385.0,311.222602739726,0.22,0.77
70,81.42857142857143,22715.25,454305.0,324.50357142857143,0.3,0.86
66,80.3030303030303,22710.0,454200.0,344.09090909090907,0.23,0.86
70,81.42857142857143,22708.5,454170.0,324.40714285714284,0.22,0.81
78,83.33333333333334,22699.25,453985.0,291.01602564102564,0.22,0.73
78,83.33333333333334,22699.25,453985.0,291.01602564102564,0.22,0.72
83,80.72289156626506,22681.0,453620.0,273.26506024096386,0.23,0.7
83,80.72289156626506,22681.0,453620.0,273.26506024096386,0.23,0.71
76,78.94736842105263,22670.75,453415.0,298.2993421052632,0.24,0.79
76,78.94736842105263,22670.75,453415.0,298.2993421052632,0.24,0.8
77,80.51948051948052,22614.75,452295.0,293.69805194805195,0.24,0.78
81,79.01234567901234,22542.0,450840.0,278.2962962962963,0.29,0.79
47,80.85106382978722,22529.5,450590.0,479.3510638297872,0.19,0.92
83,79.51807228915662,22486.0,449720.0,270.9156626506024,0.29,0.78
80,81.25,22436.0,448720.0,280.45,0.23,0.75
82,75.60975609756098,22404.5,448090.0,273.2256097560976,0.3,0.8
77,83.11688311688312,22304.0,446080.0,289.6623376623377,0.22,0.74
78,79.48717948717949,22222.75,444455.0,284.90705128205127,0.27,0.8
78,79.48717948717949,22222.75,444455.0,284.90705128205127,0.27,0.79
80,80.0,22166.75,443335.0,277.084375,0.27,0.78
67,83.5820895522388,22165.0,443300.0,330.82089552238807,0.22,0.84
82,75.60975609756098,22115.25,442305.0,269.6981707317073,0.3,0.79
67,82.08955223880598,22083.5,441670.0,329.6044776119403,0.28,0.86
84,76.19047619047619,22059.25,441185.0,262.61011904761904,0.3,0.78
79,82.27848101265823,22042.5,440850.0,279.0189873417722,0.22,0.71
79,82.27848101265823,22042.5,440850.0,279.0189873417722,0.22,0.7
48,81.25,22029.25,440585.0,458.9427083333333,0.19,0.91
37,75.67567567567568,21977.5,439550.0,593.9864864864865,0.17,0.94
79,78.48101265822784,21913.0,438260.0,277.37974683544303,0.28,0.79
79,78.48101265822784,21913.0,438260.0,277.37974683544303,0.28,0.8
51,82.35294117647058,21900.75,438015.0,429.4264705882353,0.19,0.89
81,79.01234567901234,21857.0,437140.0,269.8395061728395,0.28,0.78
75,78.66666666666666,21840.5,436810.0,291.20666666666665,0.23,0.8
75,78.66666666666666,21840.5,436810.0,291.20666666666665,0.23,0.79
76,82.89473684210526,21802.5,436050.0,286.875,0.22,0.75
76,80.26315789473685,21784.5,435690.0,286.6381578947368,0.23,0.78
53,79.24528301886792,21767.5,435350.0,410.70754716981133,0.19,0.88
74,83.78378378378379,21610.75,432215.0,292.0371621621622,0.2,0.72
74,83.78378378378379,21610.75,432215.0,292.0371621621622,0.2,0.73
63,80.95238095238095,21587.25,431745.0,342.6547619047619,0.22,0.86
76,78.94736842105263,21507.0,430140.0,282.9868421052632,0.26,0.8
76,78.94736842105263,21507.0,430140.0,282.9868421052632,0.26,0.79
77,80.51948051948052,21451.0,429020.0,278.5844155844156,0.26,0.78
65,83.07692307692308,21422.0,428440.0,329.5692307692308,0.21,0.83
50,80.0,21411.5,428230.0,428.23,0.34,0.93
65,83.07692307692308,21374.25,427485.0,328.8346153846154,0.2,0.83
76,78.94736842105263,21360.0,427200.0,281.05263157894734,0.25,0.79
76,78.94736842105263,21360.0,427200.0,281.05263157894734,0.25,0.8
58,79.3103448275862,21308.75,426175.0,367.39224137931035,0.21,0.87
77,80.51948051948052,21304.0,426080.0,276.6753246753247,0.25,0.78
58,79.3103448275862,21261.0,425220.0,366.5689655172414,0.2,0.87
74,83.78378378378379,21240.5,424810.0,287.0337837837838,0.21,0.72
74,83.78378378378379,21240.5,424810.0,287.0337837837838,0.21,0.73
71,80.28169014084507,21207.0,424140.0,298.6901408450704,0.22,0.8
71,80.28169014084507,21207.0,424140.0,298.6901408450704,0.22,0.79
72,81.94444444444444,21151.0,423020.0,293.7638888888889,0.22,0.78
65,81.53846153846153,21094.5,421890.0,324.53076923076924,0.21,0.82
65,81.53846153846153,21046.75,420935.0,323.79615384615386,0.2,0.82
73,83.56164383561644,21045.0,420900.0,288.28767123287673,0.2,0.74
71,84.50704225352112,21009.25,420185.0,295.90492957746477,0.21,0.76
69,82.6086956521739,20967.75,419355.0,303.8804347826087,0.21,0.77
71,84.50704225352112,20961.5,419230.0,295.2323943661972,0.2,0.76
66,81.81818181818183,20957.0,419140.0,317.530303030303,0.21,0.81
75,82.66666666666667,20954.0,419080.0,279.38666666666666,0.2,0.7
75,82.66666666666667,20954.0,419080.0,279.38666666666666,0.2,0.71
69,82.6086956521739,20920.0,418400.0,303.18840579710144,0.2,0.77
66,81.81818181818183,20909.25,418185.0,316.8068181818182,0.2,0.81
49,79.59183673469387,20858.0,417160.0,425.6734693877551,0.31,0.93
36,75.0,20819.5,416390.0,578.3194444444445,0.16,0.94
71,83.09859154929578,20809.75,416195.0,293.09507042253523,0.19,0.73
71,83.09859154929578,20809.75,416195.0,293.09507042253523,0.19,0.72
73,83.56164383561644,20674.75,413495.0,283.2157534246575,0.21,0.74
61,81.9672131147541,20648.0,412960.0,338.4918032786885,0.21,0.85
61,81.9672131147541,20600.25,412005.0,337.7090163934426,0.2,0.85
75,82.66666666666667,20583.75,411675.0,274.45,0.21,0.71
75,82.66666666666667,20583.75,411675.0,274.45,0.21,0.7
72,83.33333333333334,20543.5,410870.0,285.3263888888889,0.2,0.75
72,83.33333333333334,20173.25,403465.0,280.18402777777777,0.21,0.75
70,82.85714285714286,20170.75,403415.0,288.1535714285714,0.19,0.74
68,83.82352941176471,20087.25,401745.0,295.4007352941176,0.19,0.76
71,83.09859154929578,20074.75,401495.0,282.74295774647885,0.19,0.7
71,83.09859154929578,20074.75,401495.0,282.74295774647885,0.19,0.71
63,82.53968253968253,20053.5,401070.0,318.3095238095238,0.21,0.84
66,81.81818181818183,20045.75,400915.0,303.7234848484849,0.19,0.77
63,82.53968253968253,20005.75,400115.0,317.5515873015873,0.2,0.84
62,82.25806451612904,19870.75,397415.0,320.4959677419355,0.19,0.83
69,82.6086956521739,19669.25,393385.0,285.06159420289856,0.19,0.75
62,80.64516129032258,19543.25,390865.0,315.21370967741933,0.19,0.82
36,75.0,19523.0,390460.0,542.3055555555555,0.15,0.94
49,81.63265306122449,19490.0,389800.0,397.7551020408163,0.18,0.9
59,79.66101694915254,19475.75,389515.0,330.0974576271187,0.21,0.86
67,80.59701492537313,19455.5,389110.0,290.3805970149254,0.21,0.8
67,80.59701492537313,19455.5,389110.0,290.3805970149254,0.21,0.79
59,79.66101694915254,19428.0,388560.0,329.2881355932203,0.2,0.86
47,78.72340425531915,19425.5,388510.0,413.3085106382979,0.29,0.93
67,80.59701492537313,19407.75,388155.0,289.6679104477612,0.2,0.8
67,80.59701492537313,19407.75,388155.0,289.6679104477612,0.2,0.79
63,80.95238095238095,19405.75,388115.0,308.02777777777777,0.19,0.81
68,82.35294117647058,19399.5,387990.0,285.2867647058824,0.21,0.78
55,78.18181818181819,19356.5,387130.0,351.93636363636364,0.19,0.87
68,82.35294117647058,19351.75,387035.0,284.5845588235294,0.2,0.78
31,70.96774193548387,19253.5,385070.0,621.0806451612904,0.14,0.95
46,80.43478260869566,19215.75,384315.0,417.73369565217394,0.18,0.92
58,81.03448275862068,19096.75,381935.0,329.25431034482756,0.19,0.85
29,79.3103448275862,19057.0,381140.0,657.1379310344828,0.12,0.95
47,80.85106382978722,18715.5,374310.0,398.20212765957444,0.18,0.91
31,70.96774193548387,18621.5,372430.0,600.6935483870968,0.13,0.95
50,82.0,18587.0,371740.0,371.74,0.18,0.89
60,81.66666666666667,18502.25,370045.0,308.37083333333334,0.19,0.84
52,78.84615384615384,18453.75,369075.0,354.8798076923077,0.18,0.88
65,80.0,18288.5,365770.0,281.3615384615385,0.19,0.78
64,78.125,18286.0,365720.0,285.71875,0.19,0.8
64,78.125,18286.0,365720.0,285.71875,0.19,0.79
56,78.57142857142857,17924.5,358490.0,320.08035714285717,0.19,0.86
67,85.07462686567165,17900.75,358015.0,267.17537313432837,0.18,0.73
67,85.07462686567165,17900.75,358015.0,267.17537313432837,0.18,0.72
47,78.72340425531915,17411.75,348235.0,370.46276595744683,0.28,0.93
47,78.72340425531915,17390.75,347815.0,370.0159574468085,0.26,0.93
66,84.84848484848484,17261.75,345235.0,261.5416666666667,0.18,0.74
47,78.72340425531915,17181.75,343635.0,365.5691489361702,0.3,0.93
65,84.61538461538461,17178.25,343565.0,264.28076923076924,0.18,0.76
67,85.07462686567165,17165.75,343315.0,256.20522388059703,0.18,0.7
67,85.07462686567165,17165.75,343315.0,256.20522388059703,0.18,0.71
64,82.8125,17136.75,342735.0,267.76171875,0.18,0.77
47,78.72340425531915,17111.0,342220.0,364.06382978723406,0.27,0.93
47,78.72340425531915,17001.75,340035.0,361.73936170212767,0.24,0.93
47,78.72340425531915,16955.75,339115.0,360.76063829787233,0.17,0.9
47,78.72340425531915,16890.75,337815.0,359.3776595744681,0.25,0.93
48,79.16666666666666,16832.5,336650.0,350.6770833333333,0.17,0.89
54,77.77777777777779,16823.5,336470.0,311.5462962962963,0.18,0.87
66,83.33333333333334,16760.25,335205.0,253.9431818181818,0.18,0.75
50,76.0,16699.25,333985.0,333.985,0.17,0.88
64,82.8125,16501.75,330035.0,257.83984375,0.17,0.73
64,82.8125,16501.75,330035.0,257.83984375,0.17,0.72
60,83.33333333333334,16468.0,329360.0,274.46666666666664,0.18,0.83
46,80.43478260869566,16429.5,328590.0,357.1630434782609,0.22,0.93
33,69.6969696969697,16376.25,327525.0,496.25,0.14,0.94
44,77.27272727272727,16214.75,324295.0,368.51704545454544,0.17,0.92
31,77.41935483870968,16179.75,323595.0,521.9274193548387,0.12,0.94
60,81.66666666666667,16140.5,322810.0,269.0083333333333,0.18,0.82
61,81.9672131147541,16003.0,320060.0,262.344262295082,0.18,0.81
47,78.72340425531915,15942.25,318845.0,339.1968085106383,0.23,0.93
63,82.53968253968253,15862.75,317255.0,251.78968253968253,0.17,0.74
46,78.26086956521739,15797.75,315955.0,343.42934782608694,0.16,0.9
62,82.25806451612904,15779.25,315585.0,254.5040322580645,0.17,0.76
64,82.8125,15766.75,315335.0,246.35546875,0.17,0.71
64,82.8125,15766.75,315335.0,246.35546875,0.17,0.7
61,81.9672131147541,15757.75,315155.0,258.32377049180326,0.16,0.72
61,81.9672131147541,15757.75,315155.0,258.32377049180326,0.16,0.73
33,69.6969696969697,15744.25,314885.0,477.0984848484849,0.13,0.94
61,80.32786885245902,15737.75,314755.0,257.99590163934425,0.17,0.77
45,77.77777777777779,15714.5,314290.0,349.2111111111111,0.17,0.91
57,80.7017543859649,15694.0,313880.0,275.3333333333333,0.18,0.85
47,78.72340425531915,15674.5,313490.0,333.5,0.16,0.89
49,75.51020408163265,15541.25,310825.0,317.1683673469388,0.16,0.88
55,78.18181818181819,15391.5,307830.0,279.8454545454546,0.18,0.86
63,80.95238095238095,15379.5,307590.0,244.11904761904762,0.18,0.78
62,79.03225806451613,15377.0,307540.0,248.01612903225808,0.18,0.8
62,79.03225806451613,15377.0,307540.0,248.01612903225808,0.18,0.79
52,75.0,15376.5,307530.0,295.7019230769231,0.17,0.87
63,80.95238095238095,15361.25,307225.0,243.8293650793651,0.17,0.75
60,81.66666666666667,15118.75,302375.0,251.97916666666666,0.16,0.74
59,81.35593220338984,15099.5,301990.0,255.92372881355934,0.18,0.84
43,76.74418604651163,15056.75,301135.0,350.15697674418607,0.16,0.92
59,81.35593220338984,15035.25,300705.0,254.83474576271186,0.16,0.76
61,81.9672131147541,15022.75,300455.0,246.27459016393442,0.16,0.7
61,81.9672131147541,15022.75,300455.0,246.27459016393442,0.16,0.71
57,80.7017543859649,15021.0,300420.0,263.5263157894737,0.17,0.83
45,80.0,15015.0,300300.0,333.6666666666667,0.21,0.93
58,79.3103448275862,14993.75,299875.0,258.51293103448273,0.16,0.77
45,80.0,14967.25,299345.0,332.60555555555555,0.2,0.93
57,78.94736842105263,14693.5,293870.0,257.780701754386,0.17,0.82
60,80.0,14617.25,292345.0,243.62083333333334,0.16,0.75
44,77.27272727272727,14556.5,291130.0,330.82954545454544,0.16,0.91
58,79.3103448275862,14556.0,291120.0,250.9655172413793,0.17,0.81
58,81.03448275862068,14456.5,289130.0,249.25,0.15,0.73
58,81.03448275862068,14456.5,289130.0,249.25,0.15,0.72
50,74.0,14416.25,288325.0,288.325,0.16,0.87
55,78.18181818181819,14247.0,284940.0,259.03636363636366,0.17,0.85
44,77.27272727272727,14213.5,284270.0,323.03409090909093,0.15,0.9
45,77.77777777777779,14090.25,281805.0,313.1166666666667,0.15,0.89
55,80.0,14060.75,281215.0,255.65,0.16,0.83
60,78.33333333333333,13980.5,279610.0,233.00833333333333,0.17,0.78
43,79.06976744186046,13959.75,279195.0,324.6453488372093,0.19,0.93
47,74.46808510638297,13957.0,279140.0,296.9574468085106,0.15,0.88
53,75.47169811320755,13944.5,278890.0,263.10377358490564,0.17,0.86
59,76.27118644067797,13930.0,278600.0,236.10169491525423,0.17,0.8
59,76.27118644067797,13930.0,278600.0,236.10169491525423,0.17,0.79
42,76.19047619047619,13884.75,277695.0,330.5892857142857,0.15,0.92
57,80.7017543859649,13817.5,276350.0,242.41228070175438,0.15,0.74
56,80.35714285714286,13734.0,274680.0,245.25,0.15,0.76
55,78.18181818181819,13733.25,274665.0,249.69545454545454,0.16,0.81
55,78.18181818181819,13733.25,274665.0,249.69545454545454,0.16,0.82
58,81.03448275862068,13721.5,274430.0,236.57758620689654,0.15,0.71
58,81.03448275862068,13721.5,274430.0,236.57758620689654,0.15,0.7
55,78.18181818181819,13692.5,273850.0,248.95454545454547,0.15,0.77
56,78.57142857142857,13652.5,273050.0,243.79464285714286,0.17,0.84
47,74.46808510638297,13612.75,272255.0,289.6329787234043,0.15,0.87
43,76.74418604651163,13384.5,267690.0,311.2674418604651,0.15,0.91
57,78.94736842105263,13316.0,266320.0,233.6140350877193,0.15,0.75
53,77.35849056603774,13286.75,265735.0,250.6933962264151,0.16,0.85
57,77.19298245614034,13236.5,264730.0,232.21929824561403,0.16,0.78
56,75.0,13107.25,262145.0,234.05803571428572,0.16,0.8
56,75.0,13107.25,262145.0,234.05803571428572,0.16,0.79
51,74.50980392156863,12984.25,259685.0,254.59313725490196,0.16,0.86
52,78.84615384615384,12759.5,255190.0,245.375,0.15,0.83
54,77.77777777777779,12692.25,253845.0,235.04166666666666,0.16,0.84
41,75.60975609756098,12492.0,249840.0,304.6829268292683,0.14,0.9
50,78.0,12483.25,249665.0,249.665,0.15,0.85
52,76.92307692307693,12432.0,248640.0,239.07692307692307,0.15,0.81
52,76.92307692307693,12432.0,248640.0,239.07692307692307,0.15,0.82
50,82.0,12376.25,247525.0,247.525,0.13,0.72
50,82.0,12376.25,247525.0,247.525,0.13,0.73
42,76.19047619047619,12368.75,247375.0,294.4940476190476,0.14,0.89
43,72.09302325581395,12235.5,244710.0,284.54651162790697,0.14,0.88
48,75.0,12180.75,243615.0,253.765625,0.15,0.86
38,78.94736842105263,12108.5,242170.0,318.64473684210526,0.12,0.9
45,82.22222222222221,12019.5,240390.0,267.1,0.12,0.73
45,82.22222222222221,12019.5,240390.0,267.1,0.12,0.72
53,81.13207547169812,11991.75,239835.0,226.25943396226415,0.14,0.72
53,81.13207547169812,11991.75,239835.0,226.25943396226415,0.14,0.73
54,75.92592592592592,11935.25,238705.0,221.02314814814815,0.15,0.78
43,72.09302325581395,11891.25,237825.0,276.5406976744186,0.14,0.87
51,78.43137254901961,11888.75,237775.0,233.11274509803923,0.15,0.84
41,75.60975609756098,11860.0,237200.0,289.2682926829268,0.13,0.9
38,78.94736842105263,11855.75,237115.0,311.99342105263156,0.12,0.89
53,73.58490566037736,11806.0,236120.0,222.75471698113208,0.15,0.8
53,73.58490566037736,11806.0,236120.0,222.75471698113208,0.15,0.79
49,81.63265306122449,11737.25,234745.0,239.53571428571428,0.13,0.74
39,74.35897435897436,11722.5,234450.0,300.5769230769231,0.12,0.88
39,74.35897435897436,11685.75,233715.0,299.63461538461536,0.12,0.87
41,75.60975609756098,11672.0,233440.0,284.6829268292683,0.13,0.89
40,75.0,11663.0,233260.0,291.575,0.14,0.91
50,82.0,11641.25,232825.0,232.825,0.13,0.7
50,82.0,11641.25,232825.0,232.825,0.13,0.71
42,71.42857142857143,11538.75,230775.0,274.73214285714283,0.13,0.88
42,71.42857142857143,11502.0,230040.0,273.85714285714283,0.13,0.87
42,78.57142857142857,11407.25,228145.0,271.6011904761905,0.18,0.93
44,81.81818181818183,11380.5,227610.0,258.64772727272725,0.12,0.74
52,80.76923076923077,11352.75,227055.0,218.3221153846154,0.14,0.74
45,82.22222222222221,11284.5,225690.0,250.76666666666668,0.12,0.71
45,82.22222222222221,11284.5,225690.0,250.76666666666668,0.12,0.7
50,78.0,11270.0,225400.0,225.4,0.14,0.77
51,80.3921568627451,11269.25,225385.0,220.9656862745098,0.14,0.76
53,81.13207547169812,11256.75,225135.0,212.39150943396226,0.14,0.71
53,81.13207547169812,11256.75,225135.0,212.39150943396226,0.14,0.7
48,77.08333333333334,11236.5,224730.0,234.09375,0.13,0.77
49,79.59183673469387,11235.75,224715.0,229.30102040816325,0.13,0.75
49,79.59183673469387,11235.75,224715.0,229.30102040816325,0.13,0.76
37,78.37837837837837,11155.75,223115.0,301.5067567567568,0.12,0.91
40,75.0,11031.0,220620.0,275.775,0.13,0.91
43,76.74418604651163,10922.0,218440.0,254.0,0.12,0.77
44,79.54545454545455,10879.0,217580.0,247.25,0.12,0.75
44,79.54545454545455,10879.0,217580.0,247.25,0.12,0.76
52,78.84615384615384,10851.25,217025.0,208.6778846153846,0.14,0.75
44,72.72727272727273,10841.5,216830.0,246.39772727272728,0.14,0.86
39,74.35897435897436,10838.0,216760.0,277.8974358974359,0.14,0.92
40,75.0,10636.0,212720.0,265.9,0.12,0.86
48,77.08333333333334,10550.5,211010.0,219.80208333333334,0.14,0.83
46,76.08695652173914,10517.0,210340.0,228.6304347826087,0.13,0.83
43,72.09302325581395,10452.25,209045.0,243.07558139534885,0.13,0.86
48,77.08333333333334,10408.75,208175.0,216.84895833333334,0.14,0.81
48,77.08333333333334,10408.75,208175.0,216.84895833333334,0.14,0.82
46,76.08695652173914,10375.25,207505.0,225.54891304347825,0.13,0.82
46,76.08695652173914,10375.25,207505.0,225.54891304347825,0.13,0.81
36,77.77777777777779,10330.75,206615.0,286.96527777777777,0.12,0.92
46,76.08695652173914,10274.25,205485.0,223.35326086956522,0.14,0.85
39,74.35897435897436,10206.0,204120.0,261.6923076923077,0.13,0.92
44,75.0,9885.0,197700.0,224.6590909090909,0.13,0.85
47,76.59574468085107,9679.75,193595.0,205.95212765957447,0.14,0.84
40,75.0,9676.0,193520.0,241.9,0.12,0.85
45,75.55555555555556,9646.25,192925.0,214.36111111111111,0.13,0.84
49,75.51020408163265,9512.75,190255.0,194.1377551020408,0.14,0.78
47,74.46808510638297,9479.25,189585.0,201.68617021276594,0.13,0.78
41,75.60975609756098,9437.25,188745.0,230.1768292682927,0.12,0.84
41,75.60975609756098,9437.25,188745.0,230.1768292682927,0.12,0.83
48,72.91666666666666,9383.5,187670.0,195.48958333333334,0.14,0.8
48,72.91666666666666,9383.5,187670.0,195.48958333333334,0.14,0.79
46,71.73913043478261,9350.0,187000.0,203.2608695652174,0.13,0.8
46,71.73913043478261,9350.0,187000.0,203.2608695652174,0.13,0.79
41,75.60975609756098,9295.5,185910.0,226.71951219512195,0.12,0.82
41,75.60975609756098,9295.5,185910.0,226.71951219512195,0.12,0.81
42,73.80952380952381,9164.75,183295.0,218.20833333333334,0.12,0.78
41,70.73170731707317,9035.5,180710.0,220.3780487804878,0.12,0.8
41,70.73170731707317,9035.5,180710.0,220.3780487804878,0.12,0.79
40,75.0,8406.25,168125.0,210.15625,0.17,0.93
39,74.35897435897436,7248.25,144965.0,185.85256410256412,0.16,0.93
38,73.68421052631578,6076.25,121525.0,159.90131578947367,0.15,0.93
35,68.57142857142857,5080.0,101600.0,145.14285714285714,0.14,0.93
33,75.75757575757575,4883.5,97670.0,147.9848484848485,0.12,0.93
35,68.57142857142857,4448.0,88960.0,127.08571428571429,0.13,0.93
